,fixed acidity,volatile acidity,citric acid,residual sugar,chlorides,free sulfur dioxide,total sulfur dioxide,density,pH,sulphates,alcohol,quality
341,10.6,0.42,0.48,2.7,0.065,5.0,18.0,0.9972,3.21,0.87,11.3,6
1372,8.7,0.78,0.51,1.7,0.415,12.0,66.0,0.99623,3.0,1.17,9.2,5
468,11.4,0.36,0.69,2.1,0.09,6.0,21.0,1.0,3.17,0.62,9.2,6
1402,7.6,0.3,0.42,2.0,0.052000000000000005,6.0,24.0,0.9963,3.44,0.82,11.9,6
1369,6.6,0.61,0.0,1.6,0.069,4.0,8.0,0.9939600000000001,3.33,0.37,10.4,4
327,10.3,0.44,0.5,4.5,0.107,5.0,13.0,0.998,3.28,0.83,11.5,5
1223,10.5,0.36,0.47,2.2,0.07400000000000001,9.0,23.0,0.9963799999999999,3.23,0.76,12.0,6
355,6.7,0.75,0.01,2.4,0.078,17.0,32.0,0.9955,3.55,0.61,12.8,6
31,6.9,0.685,0.0,2.5,0.105,22.0,37.0,0.9966,3.46,0.57,10.6,6
1331,7.8,0.87,0.26,3.8,0.107,31.0,67.0,0.9966799999999999,3.26,0.46,9.2,5
816,9.8,0.51,0.19,3.2,0.081,8.0,30.0,0.9984,3.23,0.58,10.5,6
1494,6.4,0.31,0.09,1.4,0.066,15.0,28.0,0.99459,3.42,0.7,10.0,7
939,6.2,0.46,0.17,1.6,0.073,7.0,11.0,0.99425,3.61,0.54,11.4,5
772,9.5,0.57,0.27,2.3,0.08199999999999999,23.0,144.0,0.99782,3.27,0.55,9.4,5
1058,9.9,0.53,0.57,2.4,0.09300000000000001,30.0,52.0,0.9971,3.19,0.76,11.6,7
928,8.6,0.47,0.27,2.3,0.055,14.0,28.0,0.99516,3.18,0.8,11.2,5
947,8.3,0.28,0.48,2.1,0.09300000000000001,6.0,12.0,0.99408,3.26,0.62,12.4,7
770,7.1,0.59,0.02,2.3,0.08199999999999999,24.0,94.0,0.99744,3.55,0.53,9.7,6
637,9.5,0.885,0.27,2.3,0.084,31.0,145.0,0.9978,3.24,0.53,9.4,5
705,8.4,1.035,0.15,6.0,0.073,11.0,54.0,0.9990000000000001,3.37,0.49,9.9,5
1204,7.2,0.36,0.46,2.1,0.07400000000000001,24.0,44.0,0.99534,3.4,0.85,11.0,7
1512,6.4,0.79,0.04,2.2,0.061,11.0,17.0,0.9958799999999999,3.53,0.65,10.4,6
1140,7.3,0.4,0.3,1.7,0.08,33.0,79.0,0.9969,3.41,0.65,9.5,6
642,9.9,0.54,0.45,2.3,0.071,16.0,40.0,0.9991,3.39,0.62,9.4,5
1152,8.3,0.6,0.25,2.2,0.11800000000000001,9.0,38.0,0.99616,3.15,0.53,9.8,5
543,11.2,0.66,0.24,2.5,0.085,16.0,53.0,0.9993,3.06,0.72,11.0,6
252,11.1,0.35,0.48,3.1,0.09,5.0,21.0,0.9986,3.17,0.53,10.5,5
579,10.6,0.31,0.49,2.2,0.063,18.0,40.0,0.9976,3.14,0.51,9.8,6
730,9.5,0.55,0.66,2.3,0.387,12.0,37.0,0.9982,3.17,0.67,9.6,5
1280,7.1,0.46,0.2,1.9,0.077,28.0,54.0,0.9956,3.37,0.64,10.4,6
1213,9.6,0.38,0.42,1.9,0.071,5.0,13.0,0.99659,3.15,0.75,10.5,6
1128,10.0,0.43,0.33,2.7,0.095,28.0,89.0,0.9984,3.22,0.68,10.0,5
18,7.4,0.59,0.08,4.4,0.086,6.0,29.0,0.9974,3.38,0.5,9.0,4
1127,6.3,0.76,0.0,2.9,0.07200000000000001,26.0,52.0,0.99379,3.51,0.6,11.5,6
703,7.5,0.38,0.48,2.6,0.073,22.0,84.0,0.9972,3.32,0.7,9.6,4
1446,6.9,0.63,0.02,1.9,0.078,18.0,30.0,0.9971200000000001,3.4,0.75,9.8,5
439,7.0,0.62,0.18,1.5,0.062,7.0,50.0,0.9951,3.08,0.6,9.3,5
1097,8.6,0.52,0.38,1.5,0.096,5.0,18.0,0.99666,3.2,0.52,9.4,5
533,10.3,0.27,0.24,2.1,0.07200000000000001,15.0,33.0,0.9956,3.22,0.66,12.8,6
123,8.0,0.71,0.0,2.6,0.08,11.0,34.0,0.9976,3.44,0.53,9.5,5
736,7.7,0.965,0.1,2.1,0.11199999999999999,11.0,22.0,0.9963,3.26,0.5,9.5,5
935,8.8,0.3,0.38,2.3,0.06,19.0,72.0,0.9954299999999999,3.39,0.72,11.8,6
1110,8.3,0.53,0.0,1.4,0.07,6.0,14.0,0.99593,3.25,0.64,10.0,6
1234,7.1,0.75,0.01,2.2,0.059000000000000004,11.0,18.0,0.9924200000000001,3.39,0.4,12.8,6
1366,7.3,0.74,0.08,1.7,0.094,10.0,45.0,0.9957600000000001,3.24,0.5,9.8,5
343,10.9,0.39,0.47,1.8,0.11800000000000001,6.0,14.0,0.9982,3.3,0.75,9.8,6
323,10.3,0.59,0.42,2.8,0.09,35.0,73.0,0.9990000000000001,3.28,0.7,9.5,6
122,7.3,0.695,0.0,2.5,0.075,3.0,13.0,0.998,3.49,0.52,9.2,5
194,7.6,0.55,0.21,2.2,0.071,7.0,28.0,0.9964,3.28,0.55,9.7,5
661,7.5,0.42,0.31,1.6,0.08,15.0,42.0,0.9978,3.31,0.64,9.0,5
404,7.7,0.69,0.05,2.7,0.075,15.0,27.0,0.9974,3.26,0.61,9.1,5
142,5.2,0.34,0.0,1.8,0.05,27.0,63.0,0.9916,3.68,0.79,14.0,6
889,10.7,0.9,0.34,6.6,0.11199999999999999,23.0,99.0,1.00289,3.22,0.68,9.3,5
524,9.2,0.43,0.49,2.4,0.086,23.0,116.0,0.9976,3.23,0.64,9.5,5
771,9.4,0.685,0.26,2.4,0.08199999999999999,23.0,143.0,0.9978,3.28,0.55,9.4,5
174,7.3,0.38,0.21,2.0,0.08,7.0,35.0,0.9961,3.33,0.47,9.5,5
764,9.1,0.68,0.11,2.8,0.09300000000000001,11.0,44.0,0.9988799999999999,3.31,0.55,9.5,6
8,7.8,0.58,0.02,2.0,0.073,9.0,18.0,0.9968,3.36,0.57,9.5,7
186,7.4,0.39,0.48,2.0,0.08199999999999999,14.0,67.0,0.9972,3.34,0.55,9.2,5
1560,7.8,0.6,0.26,2.0,0.08,31.0,131.0,0.9962200000000001,3.21,0.52,9.9,5
414,8.8,0.52,0.34,2.7,0.087,24.0,122.0,0.9982,3.26,0.61,9.5,5
397,11.5,0.59,0.59,2.6,0.087,13.0,49.0,0.9988,3.18,0.65,11.0,6
1155,8.3,0.6,0.25,2.2,0.11800000000000001,9.0,38.0,0.99616,3.15,0.53,9.8,5
402,12.2,0.48,0.54,2.6,0.085,19.0,64.0,1.0,3.1,0.61,10.5,6
1584,6.7,0.32,0.44,2.4,0.061,24.0,34.0,0.99484,3.29,0.8,11.6,7
1555,7.0,0.56,0.17,1.7,0.065,15.0,24.0,0.9951399999999999,3.44,0.68,10.55,7
955,8.5,0.21,0.52,1.9,0.09,9.0,23.0,0.9964799999999999,3.36,0.67,10.4,5
1049,9.3,0.5,0.36,1.8,0.084,6.0,17.0,0.9970399999999999,3.27,0.77,10.8,6
978,7.0,0.4,0.32,3.6,0.061,9.0,29.0,0.99416,3.28,0.49,11.3,7
1521,6.9,0.48,0.2,1.9,0.08199999999999999,9.0,23.0,0.99585,3.39,0.43,9.05,4
518,10.9,0.21,0.49,2.8,0.08800000000000001,11.0,32.0,0.9972,3.22,0.68,11.7,6
458,10.4,0.33,0.63,2.8,0.084,5.0,22.0,0.9998,3.26,0.74,11.2,7
1285,11.3,0.37,0.5,1.8,0.09,20.0,47.0,0.99734,3.15,0.57,10.5,5
953,10.2,0.34,0.48,2.1,0.052000000000000005,5.0,9.0,0.9945799999999999,3.2,0.69,12.1,7
594,7.9,0.72,0.17,2.6,0.096,20.0,38.0,0.9978,3.4,0.53,9.5,5
1530,6.6,0.44,0.09,2.2,0.063,9.0,18.0,0.99444,3.42,0.69,11.3,6
1129,10.5,0.43,0.35,3.3,0.092,24.0,70.0,0.99798,3.21,0.69,10.5,6
993,7.1,0.34,0.28,2.0,0.08199999999999999,31.0,68.0,0.9969399999999999,3.45,0.48,9.4,5
1266,7.2,0.57,0.05,2.3,0.081,16.0,36.0,0.99564,3.38,0.6,10.3,6
1035,10.1,0.37,0.34,2.4,0.085,5.0,17.0,0.9968299999999999,3.17,0.65,10.6,7
1015,10.5,0.39,0.46,2.2,0.075,14.0,27.0,0.99598,3.06,0.84,11.4,6
1095,9.4,0.4,0.47,2.5,0.087,6.0,20.0,0.99772,3.15,0.5,10.5,5
636,9.6,0.88,0.28,2.4,0.086,30.0,147.0,0.9979,3.24,0.53,9.4,5
733,7.0,0.45,0.34,2.7,0.08199999999999999,16.0,72.0,0.998,3.55,0.6,9.5,5
976,7.2,0.41,0.3,2.1,0.083,35.0,72.0,0.997,3.44,0.52,9.4,5
162,7.8,0.53,0.04,1.7,0.076,17.0,31.0,0.9964,3.33,0.56,10.0,6
1049,9.3,0.5,0.36,1.8,0.084,6.0,17.0,0.9970399999999999,3.27,0.77,10.8,6
606,9.4,0.41,0.48,4.6,0.07200000000000001,10.0,20.0,0.9973,3.34,0.79,12.2,7
1564,7.2,0.695,0.13,2.0,0.076,12.0,20.0,0.99546,3.29,0.54,10.1,5
667,11.3,0.34,0.45,2.0,0.08199999999999999,6.0,15.0,0.9988,2.94,0.66,9.2,6
649,6.7,0.42,0.27,8.6,0.068,24.0,148.0,0.9948,3.16,0.57,11.3,6
932,7.6,0.4,0.29,1.9,0.078,29.0,66.0,0.9971,3.45,0.59,9.5,6
63,7.0,0.735,0.05,2.0,0.081,13.0,54.0,0.9966,3.39,0.57,9.8,5
428,9.1,0.52,0.33,1.3,0.07,9.0,30.0,0.9978,3.24,0.6,9.3,5
1106,8.2,0.23,0.42,1.9,0.069,9.0,17.0,0.9937600000000001,3.21,0.54,12.3,6
348,9.6,0.56,0.31,2.8,0.08900000000000001,15.0,46.0,0.9979,3.11,0.92,10.0,6
900,8.9,0.31,0.36,2.6,0.055999999999999994,10.0,39.0,0.9956200000000001,3.4,0.69,11.8,5
473,9.9,0.35,0.55,2.1,0.062,5.0,14.0,0.9971,3.26,0.79,10.6,5
777,6.9,0.635,0.17,2.4,0.24100000000000002,6.0,18.0,0.9961,3.4,0.59,10.3,6
924,8.6,0.47,0.27,2.3,0.055,14.0,28.0,0.99516,3.18,0.8,11.2,5
226,8.9,0.59,0.5,2.0,0.337,27.0,81.0,0.9964,3.04,1.61,9.5,6
1119,5.6,0.66,0.0,2.5,0.066,7.0,15.0,0.99256,3.52,0.58,12.9,5
1413,9.9,0.57,0.25,2.0,0.10400000000000001,12.0,89.0,0.9963,3.04,0.9,10.1,5
1140,7.3,0.4,0.3,1.7,0.08,33.0,79.0,0.9969,3.41,0.65,9.5,6
1045,6.9,0.44,0.0,1.4,0.07,32.0,38.0,0.9943799999999999,3.32,0.58,11.4,6
821,4.9,0.42,0.0,2.1,0.048,16.0,42.0,0.99154,3.71,0.74,14.0,7
908,7.4,0.52,0.13,2.4,0.078,34.0,61.0,0.9952799999999999,3.43,0.59,10.8,6
971,10.4,0.26,0.48,1.9,0.066,6.0,10.0,0.99724,3.33,0.87,10.9,6
311,7.9,0.53,0.24,2.0,0.07200000000000001,15.0,105.0,0.996,3.27,0.54,9.4,6
257,6.6,0.695,0.0,2.1,0.075,12.0,56.0,0.9968,3.49,0.67,9.2,5
1218,8.2,0.4,0.31,1.9,0.08199999999999999,8.0,24.0,0.996,3.24,0.69,10.6,6
1321,5.0,0.74,0.0,1.2,0.040999999999999995,16.0,46.0,0.9925799999999999,4.01,0.59,12.5,6
1446,6.9,0.63,0.02,1.9,0.078,18.0,30.0,0.9971200000000001,3.4,0.75,9.8,5
83,7.3,0.67,0.26,1.8,0.401,16.0,51.0,0.9969,3.16,1.14,9.4,5
1053,8.3,0.33,0.42,2.3,0.07,9.0,20.0,0.99426,3.38,0.77,12.7,7
1003,6.8,0.36,0.32,1.8,0.067,4.0,8.0,0.9928,3.36,0.55,12.8,7
510,12.4,0.42,0.49,4.6,0.073,19.0,43.0,0.9978,3.02,0.61,9.5,5
1149,10.0,0.35,0.47,2.0,0.061,6.0,11.0,0.99585,3.23,0.52,12.0,6
1431,7.6,0.43,0.31,2.1,0.069,13.0,74.0,0.9958,3.26,0.54,9.9,6
102,8.1,0.545,0.18,1.9,0.08,13.0,35.0,0.9972,3.3,0.59,9.0,6
1553,7.3,0.735,0.0,2.2,0.08,18.0,28.0,0.99765,3.41,0.6,9.4,5
1075,9.1,0.25,0.34,2.0,0.071,45.0,67.0,0.99769,3.44,0.86,10.2,7
1272,5.9,0.46,0.0,1.9,0.077,25.0,44.0,0.99385,3.5,0.53,11.2,5
1572,7.3,0.69,0.32,2.2,0.069,35.0,104.0,0.9963200000000001,3.33,0.51,9.5,5
1223,10.5,0.36,0.47,2.2,0.07400000000000001,9.0,23.0,0.9963799999999999,3.23,0.76,12.0,6
969,6.7,0.56,0.09,2.9,0.079,7.0,22.0,0.99669,3.46,0.61,10.2,5
250,10.8,0.32,0.44,1.6,0.063,16.0,37.0,0.9985,3.22,0.78,10.0,6
1148,7.8,0.39,0.42,2.0,0.086,9.0,21.0,0.99526,3.39,0.66,11.6,6
292,10.4,0.55,0.23,2.7,0.091,18.0,48.0,0.9994,3.22,0.64,10.3,6
579,10.6,0.31,0.49,2.2,0.063,18.0,40.0,0.9976,3.14,0.51,9.8,6
977,8.4,0.59,0.29,2.6,0.109,31.0,119.0,0.9980100000000001,3.15,0.5,9.1,5
123,8.0,0.71,0.0,2.6,0.08,11.0,34.0,0.9976,3.44,0.53,9.5,5
1246,7.4,0.74,0.07,1.7,0.086,15.0,48.0,0.9950200000000001,3.12,0.48,10.0,5
723,7.1,0.31,0.3,2.2,0.053,36.0,127.0,0.9965,2.94,1.62,9.5,5
455,11.3,0.62,0.67,5.2,0.086,6.0,19.0,0.9988,3.22,0.69,13.4,8
1237,7.1,0.75,0.01,2.2,0.059000000000000004,11.0,18.0,0.9924200000000001,3.39,0.4,12.8,6
57,7.5,0.63,0.12,5.1,0.111,50.0,110.0,0.9983,3.26,0.77,9.4,5
673,8.2,0.73,0.21,1.7,0.07400000000000001,5.0,13.0,0.9968,3.2,0.52,9.5,5
1083,8.7,0.42,0.45,2.4,0.07200000000000001,32.0,59.0,0.9961700000000001,3.33,0.77,12.0,6
688,7.7,0.66,0.04,1.6,0.039,4.0,9.0,0.9962,3.4,0.47,9.4,5
1433,6.1,0.4,0.16,1.8,0.069,11.0,25.0,0.9955,3.42,0.74,10.1,7
833,11.6,0.47,0.44,1.6,0.147,36.0,51.0,0.99836,3.38,0.86,9.9,4
539,11.2,0.5,0.74,5.15,0.1,5.0,17.0,0.9996,3.22,0.62,11.2,5
121,8.8,0.55,0.04,2.2,0.11900000000000001,14.0,56.0,0.9962,3.21,0.6,10.9,6
797,9.3,0.37,0.44,1.6,0.038,21.0,42.0,0.99526,3.24,0.81,10.8,7
676,10.8,0.4,0.41,2.2,0.084,7.0,17.0,0.9984,3.08,0.67,9.3,6
393,8.4,0.665,0.61,2.0,0.11199999999999999,13.0,95.0,0.997,3.16,0.54,9.1,5
335,11.9,0.695,0.53,3.4,0.128,7.0,21.0,0.9992,3.17,0.84,12.2,7
820,7.0,0.685,0.0,1.9,0.099,9.0,22.0,0.9960600000000001,3.34,0.6,9.7,5
928,8.6,0.47,0.27,2.3,0.055,14.0,28.0,0.99516,3.18,0.8,11.2,5
523,9.3,0.4,0.49,2.5,0.085,38.0,142.0,0.9978,3.22,0.55,9.4,5
212,11.6,0.44,0.64,2.1,0.059000000000000004,5.0,15.0,0.998,3.21,0.67,10.2,6
1499,6.9,0.74,0.03,2.3,0.054000000000000006,7.0,16.0,0.99508,3.45,0.63,11.5,6
606,9.4,0.41,0.48,4.6,0.07200000000000001,10.0,20.0,0.9973,3.34,0.79,12.2,7
777,6.9,0.635,0.17,2.4,0.24100000000000002,6.0,18.0,0.9961,3.4,0.59,10.3,6
1129,10.5,0.43,0.35,3.3,0.092,24.0,70.0,0.99798,3.21,0.69,10.5,6
37,8.1,0.38,0.28,2.1,0.066,13.0,30.0,0.9968,3.23,0.73,9.7,7
320,9.8,0.66,0.39,3.2,0.083,21.0,59.0,0.9989,3.37,0.71,11.5,7
1355,6.1,0.32,0.25,1.8,0.086,5.0,32.0,0.99464,3.36,0.44,10.1,5
738,9.0,0.46,0.23,2.8,0.092,28.0,104.0,0.9983,3.1,0.56,9.2,5
1526,6.8,0.47,0.08,2.2,0.064,18.0,38.0,0.9955299999999999,3.3,0.65,9.6,6
269,11.5,0.18,0.51,4.0,0.10400000000000001,4.0,23.0,0.9996,3.28,0.97,10.1,6
1035,10.1,0.37,0.34,2.4,0.085,5.0,17.0,0.9968299999999999,3.17,0.65,10.6,7
808,7.4,0.53,0.12,1.9,0.165,4.0,12.0,0.99702,3.26,0.86,9.2,5
339,12.5,0.28,0.54,2.3,0.08199999999999999,12.0,29.0,0.9997,3.11,1.36,9.8,7
30,6.7,0.675,0.07,2.4,0.08900000000000001,17.0,82.0,0.9958,3.35,0.54,10.1,5
1330,7.4,0.6,0.26,2.1,0.083,17.0,91.0,0.99616,3.29,0.56,9.8,6
1052,5.6,0.605,0.05,2.4,0.073,19.0,25.0,0.9925799999999999,3.56,0.55,12.9,5
966,9.0,0.38,0.41,2.4,0.10300000000000001,6.0,10.0,0.9960399999999999,3.13,0.58,11.9,7
1472,7.6,0.35,0.6,2.6,0.073,23.0,44.0,0.99656,3.38,0.79,11.1,6
641,9.5,0.59,0.44,2.3,0.071,21.0,68.0,0.9992,3.46,0.63,9.5,5
33,6.9,0.605,0.12,10.7,0.073,40.0,83.0,0.9993,3.45,0.52,9.4,6
610,8.8,0.24,0.54,2.5,0.083,25.0,57.0,0.9983,3.39,0.54,9.2,5
593,9.9,0.49,0.58,3.5,0.094,9.0,43.0,1.0004,3.29,0.58,9.0,5
504,10.5,0.24,0.42,1.8,0.077,6.0,22.0,0.9976,3.21,1.05,10.8,7
197,11.5,0.3,0.6,2.0,0.067,12.0,27.0,0.9981,3.11,0.97,10.1,6
204,7.0,0.43,0.36,1.6,0.08900000000000001,14.0,37.0,0.99615,3.34,0.56,9.2,6
199,6.9,1.09,0.06,2.1,0.061,12.0,31.0,0.9948,3.51,0.43,11.4,4
861,5.8,1.01,0.66,2.0,0.039,15.0,88.0,0.9935700000000001,3.66,0.6,11.5,6
1313,7.0,0.36,0.21,2.3,0.086,20.0,65.0,0.9955799999999999,3.4,0.54,10.1,6
184,6.7,0.62,0.21,1.9,0.079,8.0,62.0,0.997,3.52,0.58,9.3,6
975,7.2,0.41,0.3,2.1,0.083,35.0,72.0,0.997,3.44,0.52,9.4,5
491,9.2,0.41,0.5,2.5,0.055,12.0,25.0,0.9952,3.34,0.79,13.3,7
1595,5.9,0.55,0.1,2.2,0.062,39.0,51.0,0.9951200000000001,3.52,0.76,11.2,6
98,7.6,0.9,0.06,2.5,0.079,5.0,10.0,0.9967,3.39,0.56,9.8,5
3,11.2,0.28,0.56,1.9,0.075,17.0,60.0,0.998,3.16,0.58,9.8,6
55,7.7,0.62,0.04,3.8,0.084,25.0,45.0,0.9978,3.34,0.53,9.5,5
325,10.0,0.49,0.2,11.0,0.071,13.0,50.0,1.0015,3.16,0.69,9.2,6
1083,8.7,0.42,0.45,2.4,0.07200000000000001,32.0,59.0,0.9961700000000001,3.33,0.77,12.0,6
722,7.6,0.42,0.08,2.7,0.084,15.0,48.0,0.9968,3.21,0.59,10.0,5
886,9.0,0.8,0.12,2.4,0.083,8.0,28.0,0.99836,3.33,0.65,10.4,6
995,7.7,0.6,0.06,2.0,0.079,19.0,41.0,0.99697,3.39,0.62,10.1,6
572,10.2,0.24,0.49,2.4,0.075,10.0,28.0,0.9978,3.14,0.61,10.4,5
590,9.0,0.45,0.49,2.6,0.084,21.0,75.0,0.9987,3.35,0.57,9.7,5
1039,8.9,0.5,0.21,2.2,0.08800000000000001,21.0,39.0,0.99692,3.33,0.83,11.1,6
1510,6.4,0.36,0.21,2.2,0.047,26.0,48.0,0.99661,3.47,0.77,9.7,6
1119,5.6,0.66,0.0,2.5,0.066,7.0,15.0,0.99256,3.52,0.58,12.9,5
1317,9.9,0.44,0.46,2.2,0.091,10.0,41.0,0.9963799999999999,3.18,0.69,11.9,6
1506,6.8,0.81,0.05,2.0,0.07,6.0,14.0,0.9956200000000001,3.51,0.66,10.8,6
41,8.8,0.61,0.3,2.8,0.08800000000000001,17.0,46.0,0.9976,3.26,0.51,9.3,4
373,7.4,0.55,0.22,2.2,0.106,12.0,72.0,0.9959,3.05,0.63,9.2,5
787,10.0,0.56,0.24,2.2,0.079,19.0,58.0,0.9991,3.18,0.56,10.1,6
186,7.4,0.39,0.48,2.0,0.08199999999999999,14.0,67.0,0.9972,3.34,0.55,9.2,5
891,7.2,0.66,0.03,2.3,0.078,16.0,86.0,0.9974299999999999,3.53,0.57,9.7,5
423,10.5,0.24,0.47,2.1,0.066,6.0,24.0,0.9978,3.15,0.9,11.0,7
942,10.1,0.43,0.4,2.6,0.092,13.0,52.0,0.99834,3.22,0.64,10.0,7
1408,8.1,0.29,0.36,2.2,0.048,35.0,53.0,0.995,3.27,1.01,12.4,7
253,7.7,0.775,0.42,1.9,0.092,8.0,86.0,0.9959,3.23,0.59,9.5,5
1597,5.9,0.645,0.12,2.0,0.075,32.0,44.0,0.9954700000000001,3.57,0.71,10.2,5
1295,6.6,0.63,0.0,4.3,0.09300000000000001,51.0,77.5,0.9955799999999999,3.2,0.45,9.5,5
1478,7.1,0.875,0.05,5.7,0.08199999999999999,3.0,14.0,0.99808,3.4,0.52,10.2,3
59,7.3,0.39,0.31,2.4,0.07400000000000001,9.0,46.0,0.9962,3.41,0.54,9.4,6
510,12.4,0.42,0.49,4.6,0.073,19.0,43.0,0.9978,3.02,0.61,9.5,5
636,9.6,0.88,0.28,2.4,0.086,30.0,147.0,0.9979,3.24,0.53,9.4,5
53,8.6,0.38,0.36,3.0,0.081,30.0,119.0,0.997,3.2,0.56,9.4,5
1037,7.3,0.91,0.1,1.8,0.07400000000000001,20.0,56.0,0.99672,3.35,0.56,9.2,5
192,6.8,0.63,0.12,3.8,0.099,16.0,126.0,0.9969,3.28,0.61,9.5,5
1208,7.2,0.36,0.46,2.1,0.07400000000000001,24.0,44.0,0.99534,3.4,0.85,11.0,7
334,7.9,0.65,0.01,2.5,0.078,17.0,38.0,0.9963,3.34,0.74,11.7,7
1088,11.6,0.41,0.54,1.5,0.095,22.0,41.0,0.99735,3.02,0.76,9.9,7
534,10.0,0.48,0.24,2.7,0.102,13.0,32.0,1.0,3.28,0.56,10.0,6
1290,7.6,0.74,0.0,1.9,0.1,6.0,12.0,0.99521,3.36,0.59,11.0,5
73,8.3,0.675,0.26,2.1,0.084,11.0,43.0,0.9976,3.31,0.53,9.2,4
487,10.2,0.645,0.36,1.8,0.053,5.0,14.0,0.9982,3.17,0.42,10.0,6
604,8.3,0.58,0.13,2.9,0.096,14.0,63.0,0.9984,3.17,0.62,9.1,6
436,8.0,0.67,0.3,2.0,0.06,38.0,62.0,0.9958,3.26,0.56,10.2,6
785,9.9,0.35,0.41,2.3,0.083,11.0,61.0,0.9982,3.21,0.5,9.5,5
309,7.4,0.29,0.38,1.7,0.062,9.0,30.0,0.9968,3.41,0.53,9.5,6
593,9.9,0.49,0.58,3.5,0.094,9.0,43.0,1.0004,3.29,0.58,9.0,5
1049,9.3,0.5,0.36,1.8,0.084,6.0,17.0,0.9970399999999999,3.27,0.77,10.8,6
177,7.5,0.52,0.42,2.3,0.087,8.0,38.0,0.9972,3.58,0.61,10.5,6
1,7.8,0.88,0.0,2.6,0.098,25.0,67.0,0.9968,3.2,0.68,9.8,5
350,10.7,0.67,0.22,2.7,0.107,17.0,34.0,1.0004,3.28,0.98,9.9,6
1006,9.1,0.29,0.33,2.05,0.063,13.0,27.0,0.99516,3.26,0.84,11.7,7
106,7.8,0.41,0.68,1.7,0.467,18.0,69.0,0.9973,3.08,1.31,9.3,5
803,7.7,0.56,0.08,2.5,0.114,14.0,46.0,0.9971,3.24,0.66,9.6,6
1013,7.5,0.71,0.0,1.6,0.092,22.0,31.0,0.99635,3.38,0.58,10.0,6
793,7.7,0.6,0.0,2.6,0.055,7.0,13.0,0.99639,3.38,0.56,10.8,5
638,7.7,0.915,0.12,2.2,0.14300000000000002,7.0,23.0,0.9964,3.35,0.65,10.2,7
321,9.3,0.61,0.26,3.4,0.09,25.0,87.0,0.99975,3.24,0.62,9.7,5
1402,7.6,0.3,0.42,2.0,0.052000000000000005,6.0,24.0,0.9963,3.44,0.82,11.9,6
34,5.2,0.32,0.25,1.8,0.10300000000000001,13.0,50.0,0.9957,3.38,0.55,9.2,5
50,8.8,0.66,0.26,1.7,0.07400000000000001,4.0,23.0,0.9971,3.15,0.74,9.2,5
325,10.0,0.49,0.2,11.0,0.071,13.0,50.0,1.0015,3.16,0.69,9.2,6
794,10.1,0.27,0.54,2.3,0.065,7.0,26.0,0.99531,3.17,0.53,12.5,6
1141,8.2,0.38,0.32,2.5,0.08,24.0,71.0,0.99624,3.27,0.85,11.0,6
1218,8.2,0.4,0.31,1.9,0.08199999999999999,8.0,24.0,0.996,3.24,0.69,10.6,6
240,8.9,0.635,0.37,1.7,0.263,5.0,62.0,0.9971,3.0,1.09,9.3,5
724,7.5,1.115,0.1,3.1,0.086,5.0,12.0,0.9958,3.54,0.6,11.2,4
899,8.3,1.02,0.02,3.4,0.084,6.0,11.0,0.99892,3.48,0.49,11.0,3
25,6.3,0.39,0.16,1.4,0.08,11.0,23.0,0.9955,3.34,0.56,9.3,5
1284,7.0,0.42,0.19,2.3,0.071,18.0,36.0,0.9947600000000001,3.39,0.56,10.9,5
636,9.6,0.88,0.28,2.4,0.086,30.0,147.0,0.9979,3.24,0.53,9.4,5
547,10.6,0.31,0.49,2.5,0.067,6.0,21.0,0.9987,3.26,0.86,10.7,6
1512,6.4,0.79,0.04,2.2,0.061,11.0,17.0,0.9958799999999999,3.53,0.65,10.4,6
265,11.8,0.26,0.52,1.8,0.071,6.0,10.0,0.9968,3.2,0.72,10.2,7
1273,7.5,0.58,0.2,2.0,0.073,34.0,44.0,0.9949399999999999,3.1,0.43,9.3,5
296,10.6,0.83,0.37,2.6,0.086,26.0,70.0,0.9981,3.16,0.52,9.9,5
1352,7.6,0.645,0.03,1.9,0.086,14.0,57.0,0.9969,3.37,0.46,10.3,5
1090,10.0,0.26,0.54,1.9,0.083,42.0,74.0,0.99451,2.98,0.63,11.8,8
63,7.0,0.735,0.05,2.0,0.081,13.0,54.0,0.9966,3.39,0.57,9.8,5
191,6.4,0.37,0.25,1.9,0.07400000000000001,21.0,49.0,0.9974,3.57,0.62,9.8,6
1219,9.0,0.39,0.4,1.3,0.044000000000000004,25.0,50.0,0.9947799999999999,3.2,0.83,10.9,6
1096,6.6,0.725,0.09,5.5,0.11699999999999999,9.0,17.0,0.99655,3.35,0.49,10.8,6
1287,8.0,0.6,0.08,2.6,0.055999999999999994,3.0,7.0,0.9928600000000001,3.22,0.37,13.0,5
666,8.3,0.49,0.36,1.8,0.222,6.0,16.0,0.998,3.18,0.6,9.5,6
976,7.2,0.41,0.3,2.1,0.083,35.0,72.0,0.997,3.44,0.52,9.4,5
1191,6.5,0.885,0.0,2.3,0.166,6.0,12.0,0.99551,3.56,0.51,10.8,5
593,9.9,0.49,0.58,3.5,0.094,9.0,43.0,1.0004,3.29,0.58,9.0,5
1356,6.1,0.34,0.25,1.8,0.084,4.0,28.0,0.99464,3.36,0.44,10.1,5
193,7.6,0.55,0.21,2.2,0.071,7.0,28.0,0.9964,3.28,0.55,9.7,5
304,8.4,0.65,0.6,2.1,0.11199999999999999,12.0,90.0,0.9973,3.2,0.52,9.2,5
1519,6.6,0.7,0.08,2.6,0.106,14.0,27.0,0.99665,3.44,0.58,10.2,5
812,10.8,0.45,0.33,2.5,0.099,20.0,38.0,0.99818,3.24,0.71,10.8,5
1149,10.0,0.35,0.47,2.0,0.061,6.0,11.0,0.99585,3.23,0.52,12.0,6
1507,7.5,0.38,0.57,2.3,0.106,5.0,12.0,0.99605,3.36,0.55,11.4,6
656,10.7,0.43,0.39,2.2,0.106,8.0,32.0,0.9986,2.89,0.5,9.6,5
1049,9.3,0.5,0.36,1.8,0.084,6.0,17.0,0.9970399999999999,3.27,0.77,10.8,6
1021,11.3,0.36,0.66,2.4,0.12300000000000001,3.0,8.0,0.9964200000000001,3.2,0.53,11.9,6
1047,7.1,0.43,0.17,1.8,0.08199999999999999,27.0,51.0,0.99634,3.49,0.64,10.4,5
935,8.8,0.3,0.38,2.3,0.06,19.0,72.0,0.9954299999999999,3.39,0.72,11.8,6
343,10.9,0.39,0.47,1.8,0.11800000000000001,6.0,14.0,0.9982,3.3,0.75,9.8,6
1455,6.5,0.9,0.0,1.6,0.052000000000000005,9.0,17.0,0.99467,3.5,0.63,10.9,6
727,6.4,0.57,0.02,1.8,0.067,4.0,11.0,0.997,3.46,0.68,9.5,5
686,7.1,0.65,0.18,1.8,0.07,13.0,40.0,0.997,3.44,0.6,9.1,5
1140,7.3,0.4,0.3,1.7,0.08,33.0,79.0,0.9969,3.41,0.65,9.5,6
234,8.2,1.0,0.09,2.3,0.065,7.0,37.0,0.99685,3.32,0.55,9.0,6
407,12.0,0.39,0.66,3.0,0.09300000000000001,12.0,30.0,0.9996,3.18,0.63,10.8,7
166,6.8,0.64,0.1,2.1,0.085,18.0,101.0,0.9956,3.34,0.52,10.2,5
637,9.5,0.885,0.27,2.3,0.084,31.0,145.0,0.9978,3.24,0.53,9.4,5
1229,7.6,0.43,0.29,2.1,0.075,19.0,66.0,0.99718,3.4,0.64,9.5,5
207,7.8,0.57,0.31,1.8,0.069,26.0,120.0,0.99625,3.29,0.53,9.3,5
1089,11.6,0.41,0.54,1.5,0.095,22.0,41.0,0.99735,3.02,0.76,9.9,7
649,6.7,0.42,0.27,8.6,0.068,24.0,148.0,0.9948,3.16,0.57,11.3,6
609,6.3,0.36,0.19,3.2,0.075,15.0,39.0,0.9956,3.56,0.52,12.7,6
388,7.8,0.46,0.26,1.9,0.08800000000000001,23.0,53.0,0.9981,3.43,0.74,9.2,6
250,10.8,0.32,0.44,1.6,0.063,16.0,37.0,0.9985,3.22,0.78,10.0,6
417,7.0,0.58,0.12,1.9,0.091,34.0,124.0,0.9956,3.44,0.48,10.5,5
731,8.9,0.875,0.13,3.45,0.08800000000000001,4.0,14.0,0.9994,3.44,0.52,11.5,5
179,8.8,0.61,0.14,2.4,0.067,10.0,42.0,0.9969,3.19,0.59,9.5,5
848,6.4,0.64,0.21,1.8,0.081,14.0,31.0,0.9968899999999999,3.59,0.66,9.8,5
478,9.6,0.68,0.24,2.2,0.087,5.0,28.0,0.9988,3.14,0.6,10.2,5
825,7.1,0.46,0.14,2.8,0.076,15.0,37.0,0.99624,3.36,0.49,10.7,5
504,10.5,0.24,0.42,1.8,0.077,6.0,22.0,0.9976,3.21,1.05,10.8,7
963,8.8,0.27,0.39,2.0,0.1,20.0,27.0,0.99546,3.15,0.69,11.2,6
1363,8.0,0.83,0.27,2.0,0.08,11.0,63.0,0.9965200000000001,3.29,0.48,9.8,4
1161,8.8,0.45,0.43,1.4,0.076,12.0,21.0,0.99551,3.21,0.75,10.2,6
1109,10.8,0.47,0.43,2.1,0.171,27.0,66.0,0.9982,3.17,0.76,10.8,6
362,11.9,0.58,0.66,2.5,0.07200000000000001,6.0,37.0,0.9992,3.05,0.56,10.0,5
123,8.0,0.71,0.0,2.6,0.08,11.0,34.0,0.9976,3.44,0.53,9.5,5
292,10.4,0.55,0.23,2.7,0.091,18.0,48.0,0.9994,3.22,0.64,10.3,6
713,8.0,0.43,0.36,2.3,0.075,10.0,48.0,0.9976,3.34,0.46,9.4,5
1124,6.5,0.58,0.0,2.2,0.096,3.0,13.0,0.9955700000000001,3.62,0.62,11.5,4
474,10.5,0.28,0.51,1.7,0.08,10.0,24.0,0.9982,3.2,0.89,9.4,6
140,8.4,0.745,0.11,1.9,0.09,16.0,63.0,0.9965,3.19,0.82,9.6,5
627,8.8,0.6,0.29,2.2,0.098,5.0,15.0,0.9988,3.36,0.49,9.1,5
909,7.3,0.305,0.39,1.2,0.059000000000000004,7.0,11.0,0.99331,3.29,0.52,11.5,6
905,9.2,0.58,0.2,3.0,0.081,15.0,115.0,0.998,3.23,0.59,9.5,5
722,7.6,0.42,0.08,2.7,0.084,15.0,48.0,0.9968,3.21,0.59,10.0,5
1397,7.3,0.59,0.26,2.0,0.08,17.0,104.0,0.99584,3.28,0.52,9.9,5
1521,6.9,0.48,0.2,1.9,0.08199999999999999,9.0,23.0,0.99585,3.39,0.43,9.05,4
1285,11.3,0.37,0.5,1.8,0.09,20.0,47.0,0.99734,3.15,0.57,10.5,5
457,9.2,0.63,0.21,2.7,0.09699999999999999,29.0,65.0,0.9988,3.28,0.58,9.6,5
1054,8.2,0.64,0.27,2.0,0.095,5.0,77.0,0.9974700000000001,3.13,0.62,9.1,6
146,5.8,0.68,0.02,1.8,0.087,21.0,94.0,0.9944,3.54,0.52,10.0,5
950,8.9,0.12,0.45,1.8,0.075,10.0,21.0,0.9955200000000001,3.41,0.76,11.9,7
656,10.7,0.43,0.39,2.2,0.106,8.0,32.0,0.9986,2.89,0.5,9.6,5
949,8.9,0.12,0.45,1.8,0.075,10.0,21.0,0.9955200000000001,3.41,0.76,11.9,7
1153,9.6,0.42,0.35,2.1,0.083,17.0,38.0,0.9962200000000001,3.23,0.66,11.1,6
944,8.3,0.3,0.49,3.8,0.09,11.0,24.0,0.99498,3.27,0.64,12.1,7
506,10.4,0.24,0.46,1.8,0.075,6.0,21.0,0.9976,3.25,1.02,10.8,7
44,6.8,0.67,0.02,1.8,0.05,5.0,11.0,0.9962,3.48,0.52,9.5,5
771,9.4,0.685,0.26,2.4,0.08199999999999999,23.0,143.0,0.9978,3.28,0.55,9.4,5
822,6.7,0.54,0.13,2.0,0.076,15.0,36.0,0.9973,3.61,0.64,9.8,5
1191,6.5,0.885,0.0,2.3,0.166,6.0,12.0,0.99551,3.56,0.51,10.8,5
1473,6.1,0.6,0.08,1.8,0.071,14.0,45.0,0.99336,3.38,0.54,11.0,5
1489,6.2,0.57,0.1,2.1,0.048,4.0,11.0,0.9944799999999999,3.44,0.76,10.8,6
1364,7.2,0.605,0.02,1.9,0.096,10.0,31.0,0.995,3.46,0.53,11.8,6
1585,7.2,0.39,0.44,2.6,0.066,22.0,48.0,0.9949399999999999,3.3,0.84,11.5,6
1380,7.5,0.57,0.02,2.6,0.077,11.0,35.0,0.9955700000000001,3.36,0.62,10.8,6
833,11.6,0.47,0.44,1.6,0.147,36.0,51.0,0.99836,3.38,0.86,9.9,4
1025,8.6,0.83,0.0,2.8,0.095,17.0,43.0,0.9982200000000001,3.33,0.6,10.4,6
1481,8.2,0.28,0.6,3.0,0.10400000000000001,10.0,22.0,0.99828,3.39,0.68,10.6,5
1141,8.2,0.38,0.32,2.5,0.08,24.0,71.0,0.99624,3.27,0.85,11.0,6
1105,6.3,0.57,0.28,2.1,0.048,13.0,49.0,0.99374,3.41,0.6,12.8,5
414,8.8,0.52,0.34,2.7,0.087,24.0,122.0,0.9982,3.26,0.61,9.5,5
729,6.4,0.865,0.03,3.2,0.071,27.0,58.0,0.995,3.61,0.49,12.7,6
314,7.4,0.36,0.29,2.6,0.087,26.0,72.0,0.99645,3.39,0.68,11.0,5
381,13.7,0.415,0.68,2.9,0.085,17.0,43.0,1.0014,3.06,0.8,10.0,6
1532,7.2,0.53,0.13,2.0,0.057999999999999996,18.0,22.0,0.9957299999999999,3.21,0.68,9.9,6
1490,7.1,0.22,0.49,1.8,0.039,8.0,18.0,0.99344,3.39,0.56,12.4,6
1565,6.7,0.67,0.02,1.9,0.061,26.0,42.0,0.9948899999999999,3.39,0.82,10.9,6
948,8.9,0.12,0.45,1.8,0.075,10.0,21.0,0.9955200000000001,3.41,0.76,11.9,7
532,11.9,0.38,0.49,2.7,0.098,12.0,42.0,1.0004,3.16,0.61,10.3,5
1080,10.3,0.27,0.56,1.4,0.047,3.0,8.0,0.99471,3.16,0.51,11.8,6
1066,6.6,0.52,0.08,2.4,0.07,13.0,26.0,0.9935799999999999,3.4,0.72,12.5,7
1416,10.0,0.32,0.59,2.2,0.077,3.0,15.0,0.9994,3.2,0.78,9.6,5
498,10.7,0.35,0.53,2.6,0.07,5.0,16.0,0.9972,3.15,0.65,11.0,8
310,10.3,0.53,0.48,2.5,0.063,6.0,25.0,0.9998,3.12,0.59,9.3,6
1074,7.5,0.77,0.2,8.1,0.098,30.0,92.0,0.99892,3.2,0.58,9.2,5
1396,8.7,0.675,0.1,1.6,0.09,4.0,11.0,0.99745,3.31,0.65,9.55,5
1241,9.8,0.37,0.39,2.5,0.079,28.0,65.0,0.99729,3.16,0.59,9.8,5
233,6.9,0.52,0.25,2.6,0.081,10.0,37.0,0.99685,3.46,0.5,11.0,5
1201,7.9,0.34,0.36,1.9,0.065,5.0,10.0,0.99419,3.27,0.54,11.2,7
99,8.1,0.545,0.18,1.9,0.08,13.0,35.0,0.9972,3.3,0.59,9.0,6
79,8.3,0.625,0.2,1.5,0.08,27.0,119.0,0.9972,3.16,1.12,9.1,4
1491,5.6,0.54,0.04,1.7,0.049,5.0,13.0,0.9942,3.72,0.58,11.4,5
1525,6.7,0.48,0.08,2.1,0.064,18.0,34.0,0.9955200000000001,3.33,0.64,9.7,5
940,9.6,0.33,0.52,2.2,0.07400000000000001,13.0,25.0,0.9950899999999999,3.36,0.76,12.4,7
1567,7.2,0.695,0.13,2.0,0.076,12.0,20.0,0.99546,3.29,0.54,10.1,5
1392,7.1,0.62,0.06,1.3,0.07,5.0,12.0,0.9942,3.17,0.48,9.8,5
631,10.4,0.28,0.54,2.7,0.105,5.0,19.0,0.9988,3.25,0.63,9.5,5
66,7.5,0.52,0.11,1.5,0.079,11.0,39.0,0.9968,3.42,0.58,9.6,5
895,7.1,0.59,0.01,2.3,0.08,27.0,43.0,0.9955,3.42,0.58,10.7,6
849,6.4,0.63,0.21,1.6,0.08,12.0,32.0,0.9968899999999999,3.58,0.66,9.8,5
130,8.0,0.745,0.56,2.0,0.11800000000000001,30.0,134.0,0.9968,3.24,0.66,9.4,5
485,10.2,0.67,0.39,1.9,0.054000000000000006,6.0,17.0,0.9976,3.17,0.47,10.0,5
1077,8.6,0.37,0.65,6.4,0.08,3.0,8.0,0.9981700000000001,3.27,0.58,11.0,5
850,9.3,0.43,0.44,1.9,0.085,9.0,22.0,0.99708,3.28,0.55,9.5,5
180,8.8,0.61,0.14,2.4,0.067,10.0,42.0,0.9969,3.19,0.59,9.5,5
1387,7.4,0.64,0.07,1.8,0.1,8.0,23.0,0.9961,3.3,0.58,9.6,5
107,6.2,0.63,0.31,1.7,0.08800000000000001,15.0,64.0,0.9969,3.46,0.79,9.3,5
1105,6.3,0.57,0.28,2.1,0.048,13.0,49.0,0.99374,3.41,0.6,12.8,5
131,5.6,0.5,0.09,2.3,0.049,17.0,99.0,0.9937,3.63,0.63,13.0,5
433,12.3,0.39,0.63,2.3,0.091,6.0,18.0,1.0004,3.16,0.49,9.5,5
496,7.8,0.52,0.25,1.9,0.081,14.0,38.0,0.9984,3.43,0.65,9.0,6
234,8.2,1.0,0.09,2.3,0.065,7.0,37.0,0.99685,3.32,0.55,9.0,6
1550,7.1,0.68,0.0,2.3,0.087,17.0,26.0,0.9978299999999999,3.45,0.53,9.5,5
1533,8.0,0.39,0.3,1.9,0.07400000000000001,32.0,84.0,0.9971700000000001,3.39,0.61,9.0,5
1271,7.3,0.44,0.2,1.6,0.049,24.0,64.0,0.9935,3.38,0.57,11.7,6
1442,6.9,0.63,0.02,1.9,0.078,18.0,30.0,0.9971200000000001,3.4,0.75,9.8,5
237,7.2,0.645,0.0,1.9,0.09699999999999999,15.0,39.0,0.99675,3.37,0.58,9.2,6
56,10.2,0.42,0.57,3.4,0.07,4.0,10.0,0.9971,3.04,0.63,9.6,5
813,6.9,0.39,0.24,2.1,0.102,4.0,7.0,0.9946200000000001,3.44,0.58,11.4,4
871,6.9,0.56,0.03,1.5,0.086,36.0,46.0,0.9952200000000001,3.53,0.57,10.6,5
1140,7.3,0.4,0.3,1.7,0.08,33.0,79.0,0.9969,3.41,0.65,9.5,6
1363,8.0,0.83,0.27,2.0,0.08,11.0,63.0,0.9965200000000001,3.29,0.48,9.8,4
530,9.1,0.22,0.24,2.1,0.078,1.0,28.0,0.9990000000000001,3.41,0.87,10.3,6
1184,6.7,0.64,0.23,2.1,0.08,11.0,119.0,0.9953799999999999,3.36,0.7,10.9,5
953,10.2,0.34,0.48,2.1,0.052000000000000005,5.0,9.0,0.9945799999999999,3.2,0.69,12.1,7
811,12.9,0.5,0.55,2.8,0.07200000000000001,7.0,24.0,1.0001200000000001,3.09,0.68,10.9,6
1398,7.0,0.6,0.12,2.2,0.083,13.0,28.0,0.9966,3.52,0.62,10.2,7
1000,7.5,0.43,0.3,2.2,0.062,6.0,12.0,0.99495,3.44,0.72,11.5,7
421,6.6,0.84,0.03,2.3,0.059000000000000004,32.0,48.0,0.9952,3.52,0.56,12.3,7
268,6.9,0.54,0.04,3.0,0.077,7.0,27.0,0.9987,3.69,0.91,9.4,6
793,7.7,0.6,0.0,2.6,0.055,7.0,13.0,0.99639,3.38,0.56,10.8,5
317,9.6,0.77,0.12,2.9,0.08199999999999999,30.0,74.0,0.99865,3.3,0.64,10.4,6
1507,7.5,0.38,0.57,2.3,0.106,5.0,12.0,0.99605,3.36,0.55,11.4,6
401,7.7,0.26,0.3,1.7,0.059000000000000004,20.0,38.0,0.9949,3.29,0.47,10.8,6
731,8.9,0.875,0.13,3.45,0.08800000000000001,4.0,14.0,0.9994,3.44,0.52,11.5,5
552,9.5,0.46,0.24,2.7,0.092,14.0,44.0,0.998,3.12,0.74,10.0,6
1452,6.6,0.58,0.02,2.0,0.062,37.0,53.0,0.99374,3.35,0.76,11.6,7
787,10.0,0.56,0.24,2.2,0.079,19.0,58.0,0.9991,3.18,0.56,10.1,6
796,8.7,0.46,0.31,2.5,0.126,24.0,64.0,0.99746,3.1,0.74,9.6,5
1450,7.2,0.37,0.32,2.0,0.062,15.0,28.0,0.9947,3.23,0.73,11.3,7
530,9.1,0.22,0.24,2.1,0.078,1.0,28.0,0.9990000000000001,3.41,0.87,10.3,6
708,7.8,0.545,0.12,2.5,0.068,11.0,35.0,0.996,3.34,0.61,11.6,6
834,8.8,0.685,0.26,1.6,0.08800000000000001,16.0,23.0,0.9969399999999999,3.32,0.47,9.4,5
629,7.6,0.685,0.23,2.3,0.111,20.0,84.0,0.9964,3.21,0.61,9.3,5
1593,6.8,0.62,0.08,1.9,0.068,28.0,38.0,0.99651,3.42,0.82,9.5,6
162,7.8,0.53,0.04,1.7,0.076,17.0,31.0,0.9964,3.33,0.56,10.0,6
642,9.9,0.54,0.45,2.3,0.071,16.0,40.0,0.9991,3.39,0.62,9.4,5
47,8.7,0.29,0.52,1.6,0.113,12.0,37.0,0.9969,3.25,0.58,9.5,5
35,7.8,0.645,0.0,5.5,0.086,5.0,18.0,0.9986,3.4,0.55,9.6,6
1418,7.8,0.53,0.01,1.6,0.077,3.0,19.0,0.995,3.16,0.46,9.8,5
192,6.8,0.63,0.12,3.8,0.099,16.0,126.0,0.9969,3.28,0.61,9.5,5
79,8.3,0.625,0.2,1.5,0.08,27.0,119.0,0.9972,3.16,1.12,9.1,4
164,7.3,0.59,0.26,7.2,0.07,35.0,121.0,0.9981,3.37,0.49,9.4,5
548,12.4,0.35,0.49,2.6,0.079,27.0,69.0,0.9994,3.12,0.75,10.4,6
1248,6.9,0.41,0.33,2.2,0.081,22.0,36.0,0.9949,3.41,0.75,11.1,6
1514,6.9,0.84,0.21,4.1,0.07400000000000001,16.0,65.0,0.9984200000000001,3.53,0.72,9.23333333333333,6
1572,7.3,0.69,0.32,2.2,0.069,35.0,104.0,0.9963200000000001,3.33,0.51,9.5,5
510,12.4,0.42,0.49,4.6,0.073,19.0,43.0,0.9978,3.02,0.61,9.5,5
400,6.6,0.735,0.02,7.9,0.122,68.0,124.0,0.9994,3.47,0.53,9.9,5
1334,7.2,0.835,0.0,2.0,0.166,4.0,11.0,0.99608,3.39,0.52,10.0,5
1157,5.1,0.51,0.18,2.1,0.042,16.0,101.0,0.9924,3.46,0.87,12.9,7
150,7.3,0.33,0.47,2.1,0.077,5.0,11.0,0.9958,3.33,0.53,10.3,6
747,8.6,0.33,0.4,2.6,0.083,16.0,68.0,0.99782,3.3,0.48,9.4,5
491,9.2,0.41,0.5,2.5,0.055,12.0,25.0,0.9952,3.34,0.79,13.3,7
897,7.1,0.59,0.01,2.3,0.08,27.0,43.0,0.9955,3.42,0.58,10.7,6
56,10.2,0.42,0.57,3.4,0.07,4.0,10.0,0.9971,3.04,0.63,9.6,5
491,9.2,0.41,0.5,2.5,0.055,12.0,25.0,0.9952,3.34,0.79,13.3,7
753,8.3,0.65,0.1,2.9,0.08900000000000001,17.0,40.0,0.99803,3.29,0.55,9.5,5
633,10.1,0.935,0.22,3.4,0.105,11.0,86.0,1.001,3.43,0.64,11.3,4
58,7.8,0.59,0.18,2.3,0.076,17.0,54.0,0.9975,3.43,0.59,10.0,5
1449,7.2,0.38,0.31,2.0,0.055999999999999994,15.0,29.0,0.99472,3.23,0.76,11.3,8
524,9.2,0.43,0.49,2.4,0.086,23.0,116.0,0.9976,3.23,0.64,9.5,5
711,8.9,0.565,0.34,3.0,0.09300000000000001,16.0,112.0,0.9998,3.38,0.61,9.5,5
1526,6.8,0.47,0.08,2.2,0.064,18.0,38.0,0.9955299999999999,3.3,0.65,9.6,6
1366,7.3,0.74,0.08,1.7,0.094,10.0,45.0,0.9957600000000001,3.24,0.5,9.8,5
1353,7.6,0.645,0.03,1.9,0.086,14.0,57.0,0.9969,3.37,0.46,10.3,5
1082,7.2,0.38,0.3,1.8,0.073,31.0,70.0,0.99685,3.42,0.59,9.5,6
101,7.8,0.5,0.3,1.9,0.075,8.0,22.0,0.9959,3.31,0.56,10.4,6
260,7.9,0.33,0.23,1.7,0.077,18.0,45.0,0.99625,3.29,0.65,9.3,5
1430,7.4,0.41,0.24,1.8,0.066,18.0,47.0,0.9956,3.37,0.62,10.4,5
612,7.5,0.64,0.0,2.4,0.077,18.0,29.0,0.9965,3.32,0.6,10.0,6
521,7.6,0.41,0.49,2.0,0.08800000000000001,16.0,43.0,0.998,3.48,0.64,9.1,5
1301,6.7,0.86,0.07,2.0,0.1,20.0,57.0,0.99598,3.6,0.74,11.7,6
853,9.3,0.36,0.39,1.5,0.08,41.0,55.0,0.9965200000000001,3.47,0.73,10.9,6
16,8.5,0.28,0.56,1.8,0.092,35.0,103.0,0.9969,3.3,0.75,10.5,7
584,11.8,0.33,0.49,3.4,0.09300000000000001,54.0,80.0,1.0002,3.3,0.76,10.7,7
1059,8.9,0.48,0.53,4.0,0.10099999999999999,3.0,10.0,0.9958600000000001,3.21,0.59,12.1,7
1569,6.2,0.51,0.14,1.9,0.055999999999999994,15.0,34.0,0.9939600000000001,3.48,0.57,11.5,6
1388,6.6,0.64,0.31,6.1,0.083,7.0,49.0,0.99718,3.35,0.68,10.3,5
203,7.0,0.42,0.35,1.6,0.08800000000000001,16.0,39.0,0.9961,3.34,0.55,9.2,5
1147,10.0,0.41,0.45,6.2,0.071,6.0,14.0,0.99702,3.21,0.49,11.8,7
1232,7.6,0.43,0.29,2.1,0.075,19.0,66.0,0.99718,3.4,0.64,9.5,5
470,13.0,0.32,0.65,2.6,0.09300000000000001,15.0,47.0,0.9996,3.05,0.61,10.6,5
1243,8.3,0.56,0.22,2.4,0.08199999999999999,10.0,86.0,0.9983,3.37,0.62,9.5,5
1070,9.3,0.33,0.45,1.5,0.057,19.0,37.0,0.99498,3.18,0.89,11.1,7
415,8.6,0.725,0.24,6.6,0.11699999999999999,31.0,134.0,1.0014,3.32,1.07,9.3,5
518,10.9,0.21,0.49,2.8,0.08800000000000001,11.0,32.0,0.9972,3.22,0.68,11.7,6
98,7.6,0.9,0.06,2.5,0.079,5.0,10.0,0.9967,3.39,0.56,9.8,5
1062,8.0,0.38,0.44,1.9,0.098,6.0,15.0,0.9956,3.3,0.64,11.4,6
1054,8.2,0.64,0.27,2.0,0.095,5.0,77.0,0.9974700000000001,3.13,0.62,9.1,6
622,10.0,0.58,0.22,1.9,0.08,9.0,32.0,0.9974,3.13,0.55,9.5,5
1467,6.7,1.04,0.08,2.3,0.067,19.0,32.0,0.9964799999999999,3.52,0.57,11.0,4
1494,6.4,0.31,0.09,1.4,0.066,15.0,28.0,0.99459,3.42,0.7,10.0,7
499,8.7,0.69,0.31,3.0,0.086,23.0,81.0,1.0002,3.48,0.74,11.6,6
668,10.0,0.73,0.43,2.3,0.059000000000000004,15.0,31.0,0.9966,3.15,0.57,11.0,5
131,5.6,0.5,0.09,2.3,0.049,17.0,99.0,0.9937,3.63,0.63,13.0,5
1286,7.1,0.16,0.44,2.5,0.068,17.0,31.0,0.9932799999999999,3.35,0.54,12.4,6
1281,7.1,0.46,0.2,1.9,0.077,28.0,54.0,0.9956,3.37,0.64,10.4,6
1205,7.2,0.36,0.46,2.1,0.07400000000000001,24.0,44.0,0.99534,3.4,0.85,11.0,7
992,6.5,0.4,0.1,2.0,0.076,30.0,47.0,0.99554,3.36,0.48,9.4,6
445,9.5,0.735,0.1,2.1,0.079,6.0,31.0,0.9986,3.23,0.56,10.1,6
502,10.4,0.44,0.73,6.55,0.07400000000000001,38.0,76.0,0.9990000000000001,3.17,0.85,12.0,7
1596,6.3,0.51,0.13,2.3,0.076,29.0,40.0,0.99574,3.42,0.75,11.0,6
1545,6.5,0.63,0.33,1.8,0.059000000000000004,16.0,28.0,0.99531,3.36,0.64,10.1,6
1109,10.8,0.47,0.43,2.1,0.171,27.0,66.0,0.9982,3.17,0.76,10.8,6
901,7.4,0.635,0.1,2.4,0.08,16.0,33.0,0.99736,3.58,0.69,10.8,7
874,10.4,0.38,0.46,2.1,0.10400000000000001,6.0,10.0,0.99664,3.12,0.65,11.8,7
1072,7.2,0.35,0.26,1.8,0.083,33.0,75.0,0.9968,3.4,0.58,9.5,6
916,5.3,0.715,0.19,1.5,0.161,7.0,62.0,0.99395,3.62,0.61,11.0,5
1198,7.7,0.26,0.26,2.0,0.052000000000000005,19.0,77.0,0.9951,3.15,0.79,10.9,6
1090,10.0,0.26,0.54,1.9,0.083,42.0,74.0,0.99451,2.98,0.63,11.8,8
572,10.2,0.24,0.49,2.4,0.075,10.0,28.0,0.9978,3.14,0.61,10.4,5
1181,9.8,0.39,0.43,1.65,0.068,5.0,11.0,0.9947799999999999,3.19,0.46,11.4,5
1378,7.2,0.45,0.15,2.0,0.078,10.0,28.0,0.9960899999999999,3.29,0.51,9.9,6
346,6.6,0.815,0.02,2.7,0.07200000000000001,17.0,34.0,0.9955,3.58,0.89,12.3,7
811,12.9,0.5,0.55,2.8,0.07200000000000001,7.0,24.0,1.0001200000000001,3.09,0.68,10.9,6
1405,7.7,0.28,0.3,2.0,0.062,18.0,34.0,0.9952,3.28,0.9,11.3,7
1592,6.3,0.51,0.13,2.3,0.076,29.0,40.0,0.99574,3.42,0.75,11.0,6
947,8.3,0.28,0.48,2.1,0.09300000000000001,6.0,12.0,0.99408,3.26,0.62,12.4,7
1393,8.0,0.52,0.25,2.0,0.078,19.0,59.0,0.9961200000000001,3.3,0.48,10.2,5
1446,6.9,0.63,0.02,1.9,0.078,18.0,30.0,0.9971200000000001,3.4,0.75,9.8,5
228,7.7,0.43,0.25,2.6,0.073,29.0,63.0,0.99615,3.37,0.58,10.5,6
273,8.4,0.715,0.2,2.4,0.076,10.0,38.0,0.99735,3.31,0.64,9.4,5
192,6.8,0.63,0.12,3.8,0.099,16.0,126.0,0.9969,3.28,0.61,9.5,5
1503,6.2,0.44,0.39,2.5,0.077,6.0,14.0,0.99555,3.51,0.69,11.0,6
1593,6.8,0.62,0.08,1.9,0.068,28.0,38.0,0.99651,3.42,0.82,9.5,6
1028,7.2,0.34,0.21,2.5,0.075,41.0,68.0,0.9958600000000001,3.37,0.54,10.1,6
1482,7.2,0.58,0.54,2.1,0.114,3.0,9.0,0.9971899999999999,3.33,0.57,10.3,4
965,8.3,0.34,0.4,2.4,0.065,24.0,48.0,0.99554,3.34,0.86,11.0,6
1435,10.2,0.54,0.37,15.4,0.214,55.0,95.0,1.00369,3.18,0.77,9.0,6
1556,6.6,0.88,0.04,2.2,0.066,12.0,20.0,0.99636,3.53,0.56,9.9,5
602,7.7,0.835,0.0,2.6,0.081,6.0,14.0,0.9975,3.3,0.52,9.3,5
676,10.8,0.4,0.41,2.2,0.084,7.0,17.0,0.9984,3.08,0.67,9.3,6
521,7.6,0.41,0.49,2.0,0.08800000000000001,16.0,43.0,0.998,3.48,0.64,9.1,5
271,11.5,0.18,0.51,4.0,0.10400000000000001,4.0,23.0,0.9996,3.28,0.97,10.1,6
754,7.8,0.48,0.68,1.7,0.415,14.0,32.0,0.99656,3.09,1.06,9.1,6
1357,7.3,0.43,0.24,2.5,0.078,27.0,67.0,0.9964799999999999,3.6,0.59,11.1,6
67,6.6,0.705,0.07,1.6,0.076,6.0,15.0,0.9962,3.44,0.58,10.7,5
32,8.3,0.655,0.12,2.3,0.083,15.0,113.0,0.9966,3.17,0.66,9.8,5
1444,7.3,0.67,0.02,2.2,0.07200000000000001,31.0,92.0,0.99566,3.32,0.68,11.1,6
847,7.4,0.68,0.16,1.8,0.078,12.0,39.0,0.9977,3.5,0.7,9.9,6
361,8.6,0.45,0.31,2.6,0.086,21.0,50.0,0.9982,3.37,0.91,9.9,6
1195,6.2,0.43,0.22,1.8,0.078,21.0,56.0,0.9963299999999999,3.52,0.6,9.5,6
38,5.7,1.13,0.09,1.5,0.172,7.0,19.0,0.9940000000000001,3.5,0.48,9.8,4
422,7.7,0.96,0.2,2.0,0.047,15.0,60.0,0.9955,3.36,0.44,10.9,5
587,7.3,0.73,0.24,1.9,0.10800000000000001,18.0,102.0,0.9967,3.26,0.59,9.3,5
421,6.6,0.84,0.03,2.3,0.059000000000000004,32.0,48.0,0.9952,3.52,0.56,12.3,7
146,5.8,0.68,0.02,1.8,0.087,21.0,94.0,0.9944,3.54,0.52,10.0,5
972,10.1,0.38,0.5,2.4,0.10400000000000001,6.0,13.0,0.9964299999999999,3.22,0.65,11.6,7
984,12.2,0.45,0.49,1.4,0.075,3.0,6.0,0.9969,3.13,0.63,10.4,5
944,8.3,0.3,0.49,3.8,0.09,11.0,24.0,0.99498,3.27,0.64,12.1,7
1410,6.6,0.96,0.0,1.8,0.08199999999999999,5.0,16.0,0.9936,3.5,0.44,11.9,6
610,8.8,0.24,0.54,2.5,0.083,25.0,57.0,0.9983,3.39,0.54,9.2,5
1310,7.5,0.61,0.26,1.9,0.073,24.0,88.0,0.9961200000000001,3.3,0.53,9.8,5
1339,7.5,0.51,0.02,1.7,0.084,13.0,31.0,0.9953799999999999,3.36,0.54,10.5,6
1575,7.5,0.52,0.4,2.2,0.06,12.0,20.0,0.99474,3.26,0.64,11.8,6
343,10.9,0.39,0.47,1.8,0.11800000000000001,6.0,14.0,0.9982,3.3,0.75,9.8,6
1395,8.6,0.685,0.1,1.6,0.092,3.0,12.0,0.99745,3.31,0.65,9.55,6
1130,9.1,0.6,0.0,1.9,0.057999999999999996,5.0,10.0,0.9977,3.18,0.63,10.4,6
447,9.3,0.48,0.29,2.1,0.127,6.0,16.0,0.9968,3.22,0.72,11.2,5
1542,6.7,0.855,0.02,1.9,0.064,29.0,38.0,0.99472,3.3,0.56,10.75,6
117,7.8,0.56,0.12,2.0,0.08199999999999999,7.0,28.0,0.997,3.37,0.5,9.4,6
311,7.9,0.53,0.24,2.0,0.07200000000000001,15.0,105.0,0.996,3.27,0.54,9.4,6
902,7.4,0.635,0.1,2.4,0.08,16.0,33.0,0.99736,3.58,0.69,10.8,7
1116,7.0,0.69,0.07,2.5,0.091,15.0,21.0,0.99572,3.38,0.6,11.3,6
72,7.7,0.69,0.22,1.9,0.084,18.0,94.0,0.9961,3.31,0.48,9.5,5
1259,6.8,0.64,0.0,2.7,0.12300000000000001,15.0,33.0,0.9953799999999999,3.44,0.63,11.3,6
1585,7.2,0.39,0.44,2.6,0.066,22.0,48.0,0.9949399999999999,3.3,0.84,11.5,6
944,8.3,0.3,0.49,3.8,0.09,11.0,24.0,0.99498,3.27,0.64,12.1,7
559,13.0,0.47,0.49,4.3,0.085,6.0,47.0,1.0021,3.3,0.68,12.7,6
757,8.1,0.87,0.0,2.2,0.084,10.0,31.0,0.99656,3.25,0.5,9.8,5
1016,8.9,0.38,0.4,2.2,0.068,12.0,28.0,0.9948600000000001,3.27,0.75,12.6,7
1158,6.7,0.41,0.43,2.8,0.076,22.0,54.0,0.99572,3.42,1.16,10.6,6
440,12.6,0.31,0.72,2.2,0.07200000000000001,6.0,29.0,0.9987,2.88,0.82,9.8,8
774,7.9,0.4,0.3,1.8,0.157,2.0,45.0,0.9972700000000001,3.31,0.91,9.5,6
480,10.6,0.28,0.39,15.5,0.069,6.0,23.0,1.0026,3.12,0.66,9.2,5
489,9.3,0.39,0.4,2.6,0.073,10.0,26.0,0.9984,3.34,0.75,10.2,6
1078,8.6,0.37,0.65,6.4,0.08,3.0,8.0,0.9981700000000001,3.27,0.58,11.0,5
594,7.9,0.72,0.17,2.6,0.096,20.0,38.0,0.9978,3.4,0.53,9.5,5
966,9.0,0.38,0.41,2.4,0.10300000000000001,6.0,10.0,0.9960399999999999,3.13,0.58,11.9,7
1314,7.0,0.36,0.21,2.4,0.086,24.0,69.0,0.99556,3.4,0.53,10.1,6
726,8.1,0.72,0.09,2.8,0.084,18.0,49.0,0.9994,3.43,0.72,11.1,6
517,10.4,0.61,0.49,2.1,0.2,5.0,16.0,0.9994,3.16,0.63,8.4,3
422,7.7,0.96,0.2,2.0,0.047,15.0,60.0,0.9955,3.36,0.44,10.9,5
260,7.9,0.33,0.23,1.7,0.077,18.0,45.0,0.99625,3.29,0.65,9.3,5
1391,8.0,0.64,0.22,2.4,0.094,5.0,33.0,0.9961200000000001,3.37,0.58,11.0,5
1249,7.1,0.6,0.01,2.3,0.079,24.0,37.0,0.9951399999999999,3.4,0.61,10.9,6
689,8.1,0.38,0.48,1.8,0.157,5.0,17.0,0.9976,3.3,1.05,9.4,5
392,9.5,0.37,0.52,2.0,0.08199999999999999,6.0,26.0,0.998,3.18,0.51,9.5,5
208,7.8,0.44,0.28,2.7,0.1,18.0,95.0,0.9966,3.22,0.67,9.4,5
1157,5.1,0.51,0.18,2.1,0.042,16.0,101.0,0.9924,3.46,0.87,12.9,7
1335,6.6,0.58,0.02,2.4,0.069,19.0,40.0,0.99387,3.38,0.66,12.6,6
1138,7.5,0.41,0.15,3.7,0.10400000000000001,29.0,94.0,0.9978600000000001,3.14,0.58,9.1,5
1561,7.8,0.6,0.26,2.0,0.08,31.0,131.0,0.9962200000000001,3.21,0.52,9.9,5
116,8.3,0.54,0.28,1.9,0.077,11.0,40.0,0.9978,3.39,0.61,10.0,6
1494,6.4,0.31,0.09,1.4,0.066,15.0,28.0,0.99459,3.42,0.7,10.0,7
436,8.0,0.67,0.3,2.0,0.06,38.0,62.0,0.9958,3.26,0.56,10.2,6
543,11.2,0.66,0.24,2.5,0.085,16.0,53.0,0.9993,3.06,0.72,11.0,6
60,8.8,0.4,0.4,2.2,0.079,19.0,52.0,0.998,3.44,0.64,9.2,5
289,11.6,0.42,0.53,3.3,0.105,33.0,98.0,1.001,3.2,0.95,9.2,5
678,8.3,0.78,0.1,2.6,0.081,45.0,87.0,0.9983,3.48,0.53,10.0,5
1165,8.5,0.44,0.5,1.9,0.369,15.0,38.0,0.99634,3.01,1.1,9.4,5
1399,7.2,0.67,0.0,2.2,0.068,10.0,24.0,0.9956,3.42,0.72,11.1,6
631,10.4,0.28,0.54,2.7,0.105,5.0,19.0,0.9988,3.25,0.63,9.5,5
938,7.2,0.38,0.38,2.8,0.068,23.0,42.0,0.99356,3.34,0.72,12.9,7
1296,6.6,0.63,0.0,4.3,0.09300000000000001,51.0,77.5,0.9955799999999999,3.2,0.45,9.5,5
603,13.2,0.46,0.52,2.2,0.071,12.0,35.0,1.0006,3.1,0.56,9.0,6
828,7.8,0.57,0.09,2.3,0.065,34.0,45.0,0.9941700000000001,3.46,0.74,12.7,8
105,8.1,0.575,0.22,2.1,0.077,12.0,65.0,0.9967,3.29,0.51,9.2,5
332,8.0,0.58,0.28,3.2,0.066,21.0,114.0,0.9973,3.22,0.54,9.4,6
1031,7.3,0.55,0.01,1.8,0.09300000000000001,9.0,15.0,0.9951399999999999,3.35,0.58,11.0,7
331,10.2,0.36,0.64,2.9,0.122,10.0,41.0,0.998,3.23,0.66,12.5,6
1548,11.2,0.4,0.5,2.0,0.099,19.0,50.0,0.9978299999999999,3.1,0.58,10.4,5
322,7.8,0.62,0.05,2.3,0.079,6.0,18.0,0.99735,3.29,0.63,9.3,5
1235,6.0,0.33,0.32,12.9,0.054000000000000006,6.0,113.0,0.99572,3.3,0.56,11.5,4
410,9.0,0.43,0.34,2.5,0.08,26.0,86.0,0.9987,3.38,0.62,9.5,6
1199,7.9,0.58,0.23,2.3,0.076,23.0,94.0,0.9968600000000001,3.21,0.58,9.5,6
219,7.8,0.53,0.33,2.4,0.08,24.0,144.0,0.99655,3.3,0.6,9.5,5
1297,7.2,0.53,0.14,2.1,0.064,15.0,29.0,0.99323,3.35,0.61,12.1,6
985,7.4,0.58,0.0,2.0,0.064,7.0,11.0,0.9956200000000001,3.45,0.58,11.3,6
1412,8.2,0.24,0.34,5.1,0.062,8.0,22.0,0.9974,3.22,0.94,10.9,6
349,9.1,0.785,0.0,2.6,0.09300000000000001,11.0,28.0,0.9994,3.36,0.86,9.4,6
1293,7.5,0.755,0.0,1.9,0.084,6.0,12.0,0.99672,3.34,0.49,9.7,4
498,10.7,0.35,0.53,2.6,0.07,5.0,16.0,0.9972,3.15,0.65,11.0,8
1223,10.5,0.36,0.47,2.2,0.07400000000000001,9.0,23.0,0.9963799999999999,3.23,0.76,12.0,6
886,9.0,0.8,0.12,2.4,0.083,8.0,28.0,0.99836,3.33,0.65,10.4,6
1410,6.6,0.96,0.0,1.8,0.08199999999999999,5.0,16.0,0.9936,3.5,0.44,11.9,6
384,7.7,0.51,0.28,2.1,0.087,23.0,54.0,0.998,3.42,0.74,9.2,5
1595,5.9,0.55,0.1,2.2,0.062,39.0,51.0,0.9951200000000001,3.52,0.76,11.2,6
1191,6.5,0.885,0.0,2.3,0.166,6.0,12.0,0.99551,3.56,0.51,10.8,5
442,15.6,0.685,0.76,3.7,0.1,6.0,43.0,1.0032,2.95,0.68,11.2,7
269,11.5,0.18,0.51,4.0,0.10400000000000001,4.0,23.0,0.9996,3.28,0.97,10.1,6
505,10.2,0.49,0.63,2.9,0.07200000000000001,10.0,26.0,0.9968,3.16,0.78,12.5,7
1158,6.7,0.41,0.43,2.8,0.076,22.0,54.0,0.99572,3.42,1.16,10.6,6
1132,7.4,0.36,0.34,1.8,0.075,18.0,38.0,0.9933,3.38,0.88,13.6,7
566,8.7,0.7,0.24,2.5,0.226,5.0,15.0,0.9991,3.32,0.6,9.0,6
652,15.9,0.36,0.65,7.5,0.096,22.0,71.0,0.9976,2.98,0.84,14.9,5
1161,8.8,0.45,0.43,1.4,0.076,12.0,21.0,0.99551,3.21,0.75,10.2,6
1378,7.2,0.45,0.15,2.0,0.078,10.0,28.0,0.9960899999999999,3.29,0.51,9.9,6
1500,7.5,0.725,0.04,1.5,0.076,8.0,15.0,0.99508,3.26,0.53,9.6,5
111,8.4,0.62,0.09,2.2,0.084,11.0,108.0,0.9964,3.15,0.66,9.8,5
1536,6.1,0.53,0.08,1.9,0.077,24.0,45.0,0.9952799999999999,3.6,0.68,10.3,6
881,7.6,0.715,0.0,2.1,0.068,30.0,35.0,0.9953299999999999,3.48,0.65,11.4,6
1300,5.2,0.645,0.0,2.15,0.08,15.0,28.0,0.99444,3.78,0.61,12.5,6
1511,7.1,0.69,0.04,2.1,0.068,19.0,27.0,0.9971200000000001,3.44,0.67,9.8,5
206,12.8,0.3,0.74,2.6,0.095,9.0,28.0,0.9994,3.2,0.77,10.8,7
1191,6.5,0.885,0.0,2.3,0.166,6.0,12.0,0.99551,3.56,0.51,10.8,5
618,11.4,0.46,0.5,2.7,0.122,4.0,17.0,1.0006,3.13,0.7,10.2,5
242,7.7,0.58,0.1,1.8,0.102,28.0,109.0,0.99565,3.08,0.49,9.8,6
659,7.1,0.84,0.02,4.4,0.096,5.0,13.0,0.997,3.41,0.57,11.0,4
898,8.3,0.31,0.39,2.4,0.078,17.0,43.0,0.99444,3.31,0.77,12.5,7
723,7.1,0.31,0.3,2.2,0.053,36.0,127.0,0.9965,2.94,1.62,9.5,5
441,11.9,0.4,0.65,2.15,0.068,7.0,27.0,0.9988,3.06,0.68,11.3,6
1057,7.6,0.42,0.25,3.9,0.10400000000000001,28.0,90.0,0.99784,3.15,0.57,9.1,5
263,7.9,0.37,0.23,1.8,0.077,23.0,49.0,0.9963,3.28,0.67,9.3,5
846,6.4,0.64,0.21,1.8,0.081,14.0,31.0,0.9968899999999999,3.59,0.66,9.8,5
951,8.3,0.28,0.48,2.1,0.09300000000000001,6.0,12.0,0.99408,3.26,0.62,12.4,7
322,7.8,0.62,0.05,2.3,0.079,6.0,18.0,0.99735,3.29,0.63,9.3,5
1204,7.2,0.36,0.46,2.1,0.07400000000000001,24.0,44.0,0.99534,3.4,0.85,11.0,7
1081,7.9,0.3,0.68,8.3,0.05,37.5,289.0,0.99316,3.01,0.51,12.3,7
445,9.5,0.735,0.1,2.1,0.079,6.0,31.0,0.9986,3.23,0.56,10.1,6
1001,9.9,0.35,0.38,1.5,0.057999999999999996,31.0,47.0,0.9967600000000001,3.26,0.82,10.6,7
737,8.2,0.59,0.0,2.5,0.09300000000000001,19.0,58.0,1.0002,3.5,0.65,9.3,6
125,9.0,0.62,0.04,1.9,0.146,27.0,90.0,0.9984,3.16,0.7,9.4,5
95,4.7,0.6,0.17,2.3,0.057999999999999996,17.0,106.0,0.9932,3.85,0.6,12.9,6
1390,6.0,0.49,0.0,2.3,0.068,15.0,33.0,0.99292,3.58,0.59,12.5,6
821,4.9,0.42,0.0,2.1,0.048,16.0,42.0,0.99154,3.71,0.74,14.0,7
1251,7.5,0.58,0.14,2.2,0.077,27.0,60.0,0.9963,3.28,0.59,9.8,5
15,8.9,0.62,0.19,3.9,0.17,51.0,148.0,0.9986,3.17,0.93,9.2,5
976,7.2,0.41,0.3,2.1,0.083,35.0,72.0,0.997,3.44,0.52,9.4,5
1024,7.7,0.58,0.01,1.8,0.08800000000000001,12.0,18.0,0.9956799999999999,3.32,0.56,10.5,7
1326,6.7,0.46,0.24,1.7,0.077,18.0,34.0,0.9948,3.39,0.6,10.6,6
657,12.0,0.5,0.59,1.4,0.073,23.0,42.0,0.998,2.92,0.68,10.5,7
440,12.6,0.31,0.72,2.2,0.07200000000000001,6.0,29.0,0.9987,2.88,0.82,9.8,8
476,9.3,0.27,0.41,2.0,0.091,6.0,16.0,0.998,3.28,0.7,9.7,5
1083,8.7,0.42,0.45,2.4,0.07200000000000001,32.0,59.0,0.9961700000000001,3.33,0.77,12.0,6
354,6.1,0.21,0.4,1.4,0.066,40.5,165.0,0.9912,3.25,0.59,11.9,6
1112,7.9,0.33,0.41,1.5,0.055999999999999994,6.0,35.0,0.9939600000000001,3.29,0.71,11.0,6
1258,6.8,0.64,0.0,2.7,0.12300000000000001,15.0,33.0,0.9953799999999999,3.44,0.63,11.3,6
484,10.6,0.44,0.68,4.1,0.114,6.0,24.0,0.997,3.06,0.66,13.4,6
701,7.0,0.65,0.02,2.1,0.066,8.0,25.0,0.9972,3.47,0.67,9.5,6
543,11.2,0.66,0.24,2.5,0.085,16.0,53.0,0.9993,3.06,0.72,11.0,6
904,6.8,0.59,0.06,6.0,0.06,11.0,18.0,0.9962,3.41,0.59,10.8,7
1195,6.2,0.43,0.22,1.8,0.078,21.0,56.0,0.9963299999999999,3.52,0.6,9.5,6
1581,6.2,0.56,0.09,1.7,0.053,24.0,32.0,0.9940200000000001,3.54,0.6,11.3,5
1373,7.7,0.75,0.27,3.8,0.11,34.0,89.0,0.99664,3.24,0.45,9.3,5
571,6.2,0.36,0.24,2.2,0.095,19.0,42.0,0.9946,3.57,0.57,11.7,6
963,8.8,0.27,0.39,2.0,0.1,20.0,27.0,0.99546,3.15,0.69,11.2,6
89,7.0,0.62,0.08,1.8,0.076,8.0,24.0,0.9978,3.48,0.53,9.0,5
1438,7.0,0.59,0.0,1.7,0.052000000000000005,3.0,8.0,0.996,3.41,0.47,10.3,5
847,7.4,0.68,0.16,1.8,0.078,12.0,39.0,0.9977,3.5,0.7,9.9,6
888,6.8,0.57,0.0,2.5,0.07200000000000001,32.0,64.0,0.9949100000000001,3.43,0.56,11.2,6
847,7.4,0.68,0.16,1.8,0.078,12.0,39.0,0.9977,3.5,0.7,9.9,6
761,9.3,0.655,0.26,2.0,0.096,5.0,35.0,0.9973799999999999,3.25,0.42,9.6,5
1240,7.5,0.61,0.2,1.7,0.076,36.0,60.0,0.9949399999999999,3.1,0.4,9.3,5
667,11.3,0.34,0.45,2.0,0.08199999999999999,6.0,15.0,0.9988,2.94,0.66,9.2,6
853,9.3,0.36,0.39,1.5,0.08,41.0,55.0,0.9965200000000001,3.47,0.73,10.9,6
1030,7.1,0.59,0.0,2.1,0.091,9.0,14.0,0.9948799999999999,3.42,0.55,11.5,7
749,7.3,0.51,0.18,2.1,0.07,12.0,28.0,0.9976799999999999,3.52,0.73,9.5,6
1570,6.4,0.36,0.53,2.2,0.23,19.0,35.0,0.9934,3.37,0.93,12.4,6
1270,5.0,0.38,0.01,1.6,0.048,26.0,60.0,0.9908399999999999,3.7,0.75,14.0,6
1006,9.1,0.29,0.33,2.05,0.063,13.0,27.0,0.99516,3.26,0.84,11.7,7
454,7.0,0.23,0.4,1.6,0.063,21.0,67.0,0.9952,3.5,0.63,11.1,5
580,12.3,0.5,0.49,2.2,0.08900000000000001,5.0,14.0,1.0002,3.19,0.44,9.6,5
387,8.3,0.66,0.15,1.9,0.079,17.0,42.0,0.9972,3.31,0.54,9.6,6
583,12.0,0.28,0.49,1.9,0.07400000000000001,10.0,21.0,0.9976,2.98,0.66,9.9,7
572,10.2,0.24,0.49,2.4,0.075,10.0,28.0,0.9978,3.14,0.61,10.4,5
1465,6.8,0.59,0.1,1.7,0.063,34.0,53.0,0.9958,3.41,0.67,9.7,5
239,8.2,1.0,0.09,2.3,0.065,7.0,37.0,0.99685,3.32,0.55,9.0,6
389,9.6,0.38,0.31,2.5,0.096,16.0,49.0,0.9982,3.19,0.7,10.0,7
983,9.1,0.5,0.3,1.9,0.065,8.0,17.0,0.99774,3.32,0.71,10.5,6
496,7.8,0.52,0.25,1.9,0.081,14.0,38.0,0.9984,3.43,0.65,9.0,6
838,10.1,0.31,0.35,1.6,0.075,9.0,28.0,0.99672,3.24,0.83,11.2,7
1568,7.0,0.56,0.13,1.6,0.077,25.0,42.0,0.99629,3.34,0.59,9.2,5
435,12.3,0.39,0.63,2.3,0.091,6.0,18.0,1.0004,3.16,0.49,9.5,5
197,11.5,0.3,0.6,2.0,0.067,12.0,27.0,0.9981,3.11,0.97,10.1,6
1583,6.2,0.46,0.29,2.1,0.07400000000000001,32.0,98.0,0.9957799999999999,3.33,0.62,9.8,5
342,10.9,0.39,0.47,1.8,0.11800000000000001,6.0,14.0,0.9982,3.3,0.75,9.8,6
873,9.1,0.21,0.37,1.6,0.067,6.0,10.0,0.9955200000000001,3.23,0.58,11.1,7
992,6.5,0.4,0.1,2.0,0.076,30.0,47.0,0.99554,3.36,0.48,9.4,6
741,9.2,0.53,0.24,2.6,0.078,28.0,139.0,0.9978799999999999,3.21,0.57,9.5,5
512,10.7,0.4,0.48,2.1,0.125,15.0,49.0,0.998,3.03,0.81,9.7,6
338,12.4,0.49,0.58,3.0,0.10300000000000001,28.0,99.0,1.0008,3.16,1.0,11.5,6
245,7.3,0.66,0.0,2.0,0.084,6.0,23.0,0.9983,3.61,0.96,9.9,6
18,7.4,0.59,0.08,4.4,0.086,6.0,29.0,0.9974,3.38,0.5,9.0,4
1363,8.0,0.83,0.27,2.0,0.08,11.0,63.0,0.9965200000000001,3.29,0.48,9.8,4
1426,7.7,0.23,0.37,1.8,0.046,23.0,60.0,0.9971,3.41,0.71,12.1,6
1373,7.7,0.75,0.27,3.8,0.11,34.0,89.0,0.99664,3.24,0.45,9.3,5
1284,7.0,0.42,0.19,2.3,0.071,18.0,36.0,0.9947600000000001,3.39,0.56,10.9,5
1033,7.5,0.57,0.08,2.6,0.08900000000000001,14.0,27.0,0.99592,3.3,0.59,10.4,6
1444,7.3,0.67,0.02,2.2,0.07200000000000001,31.0,92.0,0.99566,3.32,0.68,11.1,6
116,8.3,0.54,0.28,1.9,0.077,11.0,40.0,0.9978,3.39,0.61,10.0,6
328,13.4,0.27,0.62,2.6,0.08199999999999999,6.0,21.0,1.0002,3.16,0.67,9.7,6
1520,6.5,0.53,0.06,2.0,0.063,29.0,44.0,0.9948899999999999,3.38,0.83,10.3,6
1560,7.8,0.6,0.26,2.0,0.08,31.0,131.0,0.9962200000000001,3.21,0.52,9.9,5
844,9.9,0.25,0.46,1.7,0.062,26.0,42.0,0.9959,3.18,0.83,10.6,6
863,7.2,0.62,0.06,2.5,0.078,17.0,84.0,0.99746,3.51,0.53,9.7,5
539,11.2,0.5,0.74,5.15,0.1,5.0,17.0,0.9996,3.22,0.62,11.2,5
1392,7.1,0.62,0.06,1.3,0.07,5.0,12.0,0.9942,3.17,0.48,9.8,5
523,9.3,0.4,0.49,2.5,0.085,38.0,142.0,0.9978,3.22,0.55,9.4,5
118,8.8,0.55,0.04,2.2,0.11900000000000001,14.0,56.0,0.9962,3.21,0.6,10.9,6
356,11.5,0.41,0.52,3.0,0.08,29.0,55.0,1.0001,3.26,0.88,11.0,5
298,7.2,0.65,0.02,2.3,0.094,5.0,31.0,0.9993,3.67,0.8,9.7,5
319,9.6,0.77,0.12,2.9,0.08199999999999999,30.0,74.0,0.99865,3.3,0.64,10.4,6
65,7.2,0.725,0.05,4.65,0.086,4.0,11.0,0.9962,3.41,0.39,10.9,5
151,9.2,0.52,1.0,3.4,0.61,32.0,69.0,0.9996,2.74,2.0,9.4,4
954,7.6,0.43,0.4,2.7,0.08199999999999999,6.0,11.0,0.9953799999999999,3.44,0.54,12.2,6
309,7.4,0.29,0.38,1.7,0.062,9.0,30.0,0.9968,3.41,0.53,9.5,6
450,11.9,0.39,0.69,2.8,0.095,17.0,35.0,0.9994,3.1,0.61,10.8,6
873,9.1,0.21,0.37,1.6,0.067,6.0,10.0,0.9955200000000001,3.23,0.58,11.1,7
1344,11.5,0.42,0.48,2.6,0.077,8.0,20.0,0.9985200000000001,3.09,0.53,11.0,5
892,10.1,0.45,0.23,1.9,0.08199999999999999,10.0,18.0,0.99774,3.22,0.65,9.3,6
417,7.0,0.58,0.12,1.9,0.091,34.0,124.0,0.9956,3.44,0.48,10.5,5
1480,5.6,0.62,0.03,1.5,0.08,6.0,13.0,0.99498,3.66,0.62,10.1,4
105,8.1,0.575,0.22,2.1,0.077,12.0,65.0,0.9967,3.29,0.51,9.2,5
761,9.3,0.655,0.26,2.0,0.096,5.0,35.0,0.9973799999999999,3.25,0.42,9.6,5
1359,11.6,0.475,0.4,1.4,0.091,6.0,28.0,0.9970399999999999,3.07,0.65,10.0333333333333,6
1460,6.4,0.42,0.09,2.3,0.054000000000000006,34.0,64.0,0.99724,3.41,0.68,10.4,6
1484,6.8,0.91,0.06,2.0,0.06,4.0,11.0,0.99592,3.53,0.64,10.9,4
580,12.3,0.5,0.49,2.2,0.08900000000000001,5.0,14.0,1.0002,3.19,0.44,9.6,5
927,8.4,0.67,0.19,2.2,0.09300000000000001,11.0,75.0,0.99736,3.2,0.59,9.2,4
1436,10.0,0.38,0.38,1.6,0.16899999999999998,27.0,90.0,0.9991399999999999,3.15,0.65,8.5,5
808,7.4,0.53,0.12,1.9,0.165,4.0,12.0,0.99702,3.26,0.86,9.2,5
1156,8.5,0.18,0.51,1.75,0.071,45.0,88.0,0.99524,3.33,0.76,11.8,7
1156,8.5,0.18,0.51,1.75,0.071,45.0,88.0,0.99524,3.33,0.76,11.8,7
945,10.2,0.44,0.42,2.0,0.071,7.0,20.0,0.99566,3.14,0.79,11.1,7
1447,6.8,0.67,0.0,1.9,0.08,22.0,39.0,0.9970100000000001,3.4,0.74,9.7,5
1011,8.9,0.32,0.31,2.0,0.08800000000000001,12.0,19.0,0.9957,3.17,0.55,10.4,6
1575,7.5,0.52,0.4,2.2,0.06,12.0,20.0,0.99474,3.26,0.64,11.8,6
400,6.6,0.735,0.02,7.9,0.122,68.0,124.0,0.9994,3.47,0.53,9.9,5
1003,6.8,0.36,0.32,1.8,0.067,4.0,8.0,0.9928,3.36,0.55,12.8,7
1393,8.0,0.52,0.25,2.0,0.078,19.0,59.0,0.9961200000000001,3.3,0.48,10.2,5
811,12.9,0.5,0.55,2.8,0.07200000000000001,7.0,24.0,1.0001200000000001,3.09,0.68,10.9,6
786,9.9,0.35,0.41,2.3,0.083,11.0,61.0,0.9982,3.21,0.5,9.5,5
1234,7.1,0.75,0.01,2.2,0.059000000000000004,11.0,18.0,0.9924200000000001,3.39,0.4,12.8,6
776,6.9,0.765,0.18,2.4,0.243,5.5,48.0,0.9961200000000001,3.4,0.6,10.3,6
633,10.1,0.935,0.22,3.4,0.105,11.0,86.0,1.001,3.43,0.64,11.3,4
577,8.8,0.44,0.49,2.8,0.083,18.0,111.0,0.9982,3.3,0.6,9.5,5
676,10.8,0.4,0.41,2.2,0.084,7.0,17.0,0.9984,3.08,0.67,9.3,6
54,7.6,0.51,0.15,2.8,0.11,33.0,73.0,0.9955,3.17,0.63,10.2,6
454,7.0,0.23,0.4,1.6,0.063,21.0,67.0,0.9952,3.5,0.63,11.1,5
336,8.9,0.43,0.45,1.9,0.052000000000000005,6.0,16.0,0.9948,3.35,0.7,12.5,6
354,6.1,0.21,0.4,1.4,0.066,40.5,165.0,0.9912,3.25,0.59,11.9,6
588,5.0,0.42,0.24,2.0,0.06,19.0,50.0,0.9917,3.72,0.74,14.0,8
140,8.4,0.745,0.11,1.9,0.09,16.0,63.0,0.9965,3.19,0.82,9.6,5
308,10.3,0.43,0.44,2.4,0.214,5.0,12.0,0.9994,3.19,0.63,9.5,6
1197,7.7,0.57,0.21,1.5,0.069,4.0,9.0,0.9945799999999999,3.16,0.54,9.8,6
132,5.6,0.5,0.09,2.3,0.049,17.0,99.0,0.9937,3.63,0.63,13.0,5
906,7.2,0.54,0.27,2.6,0.084,12.0,78.0,0.9964,3.39,0.71,11.0,5
686,7.1,0.65,0.18,1.8,0.07,13.0,40.0,0.997,3.44,0.6,9.1,5
1143,7.0,0.22,0.3,1.8,0.065,16.0,20.0,0.99672,3.61,0.82,10.0,6
348,9.6,0.56,0.31,2.8,0.08900000000000001,15.0,46.0,0.9979,3.11,0.92,10.0,6
481,9.4,0.3,0.56,2.8,0.08,6.0,17.0,0.9964,3.15,0.92,11.7,8
1499,6.9,0.74,0.03,2.3,0.054000000000000006,7.0,16.0,0.99508,3.45,0.63,11.5,6
1161,8.8,0.45,0.43,1.4,0.076,12.0,21.0,0.99551,3.21,0.75,10.2,6
902,7.4,0.635,0.1,2.4,0.08,16.0,33.0,0.99736,3.58,0.69,10.8,7
513,10.5,0.51,0.64,2.4,0.107,6.0,15.0,0.9973,3.09,0.66,11.8,7
1320,9.7,0.66,0.34,2.6,0.094,12.0,88.0,0.9979600000000001,3.26,0.66,10.1,5
1152,8.3,0.6,0.25,2.2,0.11800000000000001,9.0,38.0,0.99616,3.15,0.53,9.8,5
203,7.0,0.42,0.35,1.6,0.08800000000000001,16.0,39.0,0.9961,3.34,0.55,9.2,5
481,9.4,0.3,0.56,2.8,0.08,6.0,17.0,0.9964,3.15,0.92,11.7,8
726,8.1,0.72,0.09,2.8,0.084,18.0,49.0,0.9994,3.43,0.72,11.1,6
1547,6.3,0.6,0.1,1.6,0.048,12.0,26.0,0.99306,3.55,0.51,12.1,5
1123,10.7,0.4,0.37,1.9,0.081,17.0,29.0,0.99674,3.12,0.65,11.2,6
1294,8.2,0.635,0.1,2.1,0.073,25.0,60.0,0.9963799999999999,3.29,0.75,10.9,6
157,7.1,0.43,0.42,5.5,0.071,28.0,128.0,0.9973,3.42,0.71,10.5,5
1350,9.0,0.6,0.29,2.0,0.069,32.0,73.0,0.99654,3.34,0.57,10.0,5
130,8.0,0.745,0.56,2.0,0.11800000000000001,30.0,134.0,0.9968,3.24,0.66,9.4,5
668,10.0,0.73,0.43,2.3,0.059000000000000004,15.0,31.0,0.9966,3.15,0.57,11.0,5
1003,6.8,0.36,0.32,1.8,0.067,4.0,8.0,0.9928,3.36,0.55,12.8,7
171,8.0,0.42,0.17,2.0,0.073,6.0,18.0,0.9972,3.29,0.61,9.2,6
1525,6.7,0.48,0.08,2.1,0.064,18.0,34.0,0.9955200000000001,3.33,0.64,9.7,5
1009,9.6,0.5,0.36,2.8,0.11599999999999999,26.0,55.0,0.9972200000000001,3.18,0.68,10.9,5
270,7.9,0.545,0.06,4.0,0.087,27.0,61.0,0.9965,3.36,0.67,10.7,6
500,7.8,0.52,0.25,1.9,0.081,14.0,38.0,0.9984,3.43,0.65,9.0,6
745,7.3,0.51,0.18,2.1,0.07,12.0,28.0,0.9976799999999999,3.52,0.73,9.5,6
519,7.3,0.365,0.49,2.5,0.08800000000000001,39.0,106.0,0.9966,3.36,0.78,11.0,5
100,8.3,0.61,0.3,2.1,0.084,11.0,50.0,0.9972,3.4,0.61,10.2,6
1522,6.1,0.32,0.25,2.3,0.071,23.0,58.0,0.9963299999999999,3.42,0.97,10.6,5
302,8.3,0.705,0.12,2.6,0.092,12.0,28.0,0.9994,3.51,0.72,10.0,5
1333,9.1,0.775,0.22,2.2,0.079,12.0,48.0,0.9976,3.18,0.51,9.6,5
1254,7.8,0.7,0.06,1.9,0.079,20.0,35.0,0.9962799999999999,3.4,0.69,10.9,5
1008,8.9,0.35,0.4,3.6,0.11,12.0,24.0,0.99549,3.23,0.7,12.0,7
183,6.8,0.61,0.2,1.8,0.077,11.0,65.0,0.9971,3.54,0.58,9.3,5
1269,5.5,0.49,0.03,1.8,0.044000000000000004,28.0,87.0,0.9908,3.5,0.82,14.0,8
1253,7.9,0.66,0.0,1.4,0.096,6.0,13.0,0.99569,3.43,0.58,9.5,5
455,11.3,0.62,0.67,5.2,0.086,6.0,19.0,0.9988,3.22,0.69,13.4,8
904,6.8,0.59,0.06,6.0,0.06,11.0,18.0,0.9962,3.41,0.59,10.8,7
619,11.3,0.37,0.41,2.3,0.08800000000000001,6.0,16.0,0.9988,3.09,0.8,9.3,5
326,11.6,0.53,0.66,3.65,0.121,6.0,14.0,0.9978,3.05,0.74,11.5,7
254,7.1,0.6,0.0,1.8,0.07400000000000001,16.0,34.0,0.9972,3.47,0.7,9.9,6
316,9.6,0.56,0.23,3.4,0.102,37.0,92.0,0.9996,3.3,0.65,10.1,5
1312,8.0,1.18,0.21,1.9,0.083,14.0,41.0,0.9953200000000001,3.34,0.47,10.5,5
6,7.9,0.6,0.06,1.6,0.069,15.0,59.0,0.9964,3.3,0.46,9.4,5
159,6.8,0.6,0.18,1.9,0.079,18.0,86.0,0.9968,3.59,0.57,9.3,6
1028,7.2,0.34,0.21,2.5,0.075,41.0,68.0,0.9958600000000001,3.37,0.54,10.1,6
698,9.4,0.615,0.28,3.2,0.087,18.0,72.0,1.0001,3.31,0.53,9.7,5
1088,11.6,0.41,0.54,1.5,0.095,22.0,41.0,0.99735,3.02,0.76,9.9,7
1264,8.5,0.37,0.32,1.8,0.066,26.0,51.0,0.99456,3.38,0.72,11.8,6
991,7.1,0.34,0.28,2.0,0.08199999999999999,31.0,68.0,0.9969399999999999,3.45,0.48,9.4,5
1200,7.7,0.57,0.21,1.5,0.069,4.0,9.0,0.9945799999999999,3.16,0.54,9.8,6
1042,8.9,0.5,0.21,2.2,0.08800000000000001,21.0,39.0,0.99692,3.33,0.83,11.1,6
873,9.1,0.21,0.37,1.6,0.067,6.0,10.0,0.9955200000000001,3.23,0.58,11.1,7
958,6.4,0.57,0.12,2.3,0.12,25.0,36.0,0.99519,3.47,0.71,11.3,7
1513,6.4,0.56,0.15,1.8,0.078,17.0,65.0,0.9929399999999999,3.33,0.6,10.5,6
1216,7.9,0.57,0.31,2.0,0.079,10.0,79.0,0.99677,3.29,0.69,9.5,6
221,7.4,0.53,0.26,2.0,0.10099999999999999,16.0,72.0,0.9957,3.15,0.57,9.4,5
1224,12.6,0.39,0.49,2.5,0.08,8.0,20.0,0.9992,3.07,0.82,10.3,6
1541,7.4,0.25,0.29,2.2,0.054000000000000006,19.0,49.0,0.99666,3.4,0.76,10.9,7
1066,6.6,0.52,0.08,2.4,0.07,13.0,26.0,0.9935799999999999,3.4,0.72,12.5,7
852,8.0,0.42,0.32,2.5,0.08,26.0,122.0,0.9980100000000001,3.22,1.07,9.7,5
266,8.1,0.87,0.0,3.3,0.096,26.0,61.0,1.00025,3.6,0.72,9.8,4
794,10.1,0.27,0.54,2.3,0.065,7.0,26.0,0.99531,3.17,0.53,12.5,6
434,10.4,0.41,0.55,3.2,0.076,22.0,54.0,0.9996,3.15,0.89,9.9,6
105,8.1,0.575,0.22,2.1,0.077,12.0,65.0,0.9967,3.29,0.51,9.2,5
88,9.3,0.39,0.44,2.1,0.107,34.0,125.0,0.9978,3.14,1.22,9.5,5
43,8.1,0.66,0.22,2.2,0.069,9.0,23.0,0.9968,3.3,1.2,10.3,5
984,12.2,0.45,0.49,1.4,0.075,3.0,6.0,0.9969,3.13,0.63,10.4,5
231,8.0,0.38,0.06,1.8,0.078,12.0,49.0,0.99625,3.37,0.52,9.9,6
1412,8.2,0.24,0.34,5.1,0.062,8.0,22.0,0.9974,3.22,0.94,10.9,6
38,5.7,1.13,0.09,1.5,0.172,7.0,19.0,0.9940000000000001,3.5,0.48,9.8,4
900,8.9,0.31,0.36,2.6,0.055999999999999994,10.0,39.0,0.9956200000000001,3.4,0.69,11.8,5
258,7.7,0.41,0.76,1.8,0.611,8.0,45.0,0.9968,3.06,1.26,9.4,5
1262,9.8,0.45,0.38,2.5,0.081,34.0,66.0,0.99726,3.15,0.58,9.8,5
1114,5.0,0.4,0.5,4.3,0.046,29.0,80.0,0.9902,3.49,0.66,13.6,6
1194,7.0,0.745,0.12,1.8,0.114,15.0,64.0,0.9958799999999999,3.22,0.59,9.5,6
1039,8.9,0.5,0.21,2.2,0.08800000000000001,21.0,39.0,0.99692,3.33,0.83,11.1,6
439,7.0,0.62,0.18,1.5,0.062,7.0,50.0,0.9951,3.08,0.6,9.3,5
1498,6.6,0.895,0.04,2.3,0.068,7.0,13.0,0.99582,3.53,0.58,10.8,6
929,8.7,0.33,0.38,3.3,0.063,10.0,19.0,0.9946799999999999,3.3,0.73,12.0,7
147,7.6,0.49,0.26,1.6,0.23600000000000002,10.0,88.0,0.9968,3.11,0.8,9.3,5
1300,5.2,0.645,0.0,2.15,0.08,15.0,28.0,0.99444,3.78,0.61,12.5,6
1175,6.5,0.61,0.0,2.2,0.095,48.0,59.0,0.99541,3.61,0.7,11.5,6
375,11.5,0.54,0.71,4.4,0.124,6.0,15.0,0.9984,3.01,0.83,11.8,7
695,5.1,0.47,0.02,1.3,0.034,18.0,44.0,0.9921,3.9,0.62,12.8,6
634,7.9,0.35,0.21,1.9,0.073,46.0,102.0,0.9964,3.27,0.58,9.5,5
1112,7.9,0.33,0.41,1.5,0.055999999999999994,6.0,35.0,0.9939600000000001,3.29,0.71,11.0,6
137,7.2,0.415,0.36,2.0,0.081,13.0,45.0,0.9972,3.48,0.64,9.2,5
476,9.3,0.27,0.41,2.0,0.091,6.0,16.0,0.998,3.28,0.7,9.7,5
662,7.2,0.57,0.06,1.6,0.076,9.0,27.0,0.9972,3.36,0.7,9.6,6
101,7.8,0.5,0.3,1.9,0.075,8.0,22.0,0.9959,3.31,0.56,10.4,6
1574,5.6,0.31,0.78,13.9,0.07400000000000001,23.0,92.0,0.99677,3.39,0.48,10.5,6
1232,7.6,0.43,0.29,2.1,0.075,19.0,66.0,0.99718,3.4,0.64,9.5,5
250,10.8,0.32,0.44,1.6,0.063,16.0,37.0,0.9985,3.22,0.78,10.0,6
1278,8.0,0.715,0.22,2.3,0.075,13.0,81.0,0.9968799999999999,3.24,0.54,9.5,6
396,6.6,0.735,0.02,7.9,0.122,68.0,124.0,0.9994,3.47,0.53,9.9,5
342,10.9,0.39,0.47,1.8,0.11800000000000001,6.0,14.0,0.9982,3.3,0.75,9.8,6
165,7.8,0.63,0.48,1.7,0.1,14.0,96.0,0.9961,3.19,0.62,9.5,5
1182,10.2,0.4,0.4,2.5,0.068,41.0,54.0,0.99754,3.38,0.86,10.5,6
615,9.6,0.6,0.5,2.3,0.079,28.0,71.0,0.9997,3.5,0.57,9.7,5
796,8.7,0.46,0.31,2.5,0.126,24.0,64.0,0.99746,3.1,0.74,9.6,5
820,7.0,0.685,0.0,1.9,0.099,9.0,22.0,0.9960600000000001,3.34,0.6,9.7,5
596,12.4,0.4,0.51,2.0,0.059000000000000004,6.0,24.0,0.9994,3.04,0.6,9.3,6
421,6.6,0.84,0.03,2.3,0.059000000000000004,32.0,48.0,0.9952,3.52,0.56,12.3,7
859,6.8,0.56,0.22,1.8,0.07400000000000001,15.0,24.0,0.9943799999999999,3.4,0.82,11.2,6
1563,7.2,0.695,0.13,2.0,0.076,12.0,20.0,0.99546,3.29,0.54,10.1,5
1579,6.2,0.56,0.09,1.7,0.053,24.0,32.0,0.9940200000000001,3.54,0.6,11.3,5
543,11.2,0.66,0.24,2.5,0.085,16.0,53.0,0.9993,3.06,0.72,11.0,6
1263,8.2,0.78,0.0,2.2,0.08900000000000001,13.0,26.0,0.9978,3.37,0.46,9.6,4
188,7.9,0.5,0.33,2.0,0.084,15.0,143.0,0.9968,3.2,0.55,9.5,5
1166,9.9,0.54,0.26,2.0,0.111,7.0,60.0,0.9970899999999999,2.94,0.98,10.2,5
1170,9.2,0.36,0.34,1.6,0.062,5.0,12.0,0.9966700000000001,3.2,0.67,10.5,6
32,8.3,0.655,0.12,2.3,0.083,15.0,113.0,0.9966,3.17,0.66,9.8,5
218,7.5,0.49,0.19,1.9,0.076,10.0,44.0,0.9957,3.39,0.54,9.7,5
1061,9.1,0.4,0.5,1.8,0.071,7.0,16.0,0.9946200000000001,3.21,0.69,12.5,8
382,8.3,0.26,0.42,2.0,0.08,11.0,27.0,0.9974,3.21,0.8,9.4,6
289,11.6,0.42,0.53,3.3,0.105,33.0,98.0,1.001,3.2,0.95,9.2,5
1595,5.9,0.55,0.1,2.2,0.062,39.0,51.0,0.9951200000000001,3.52,0.76,11.2,6
346,6.6,0.815,0.02,2.7,0.07200000000000001,17.0,34.0,0.9955,3.58,0.89,12.3,7
588,5.0,0.42,0.24,2.0,0.06,19.0,50.0,0.9917,3.72,0.74,14.0,8
423,10.5,0.24,0.47,2.1,0.066,6.0,24.0,0.9978,3.15,0.9,11.0,7
235,7.2,0.63,0.0,1.9,0.09699999999999999,14.0,38.0,0.99675,3.37,0.58,9.0,6
1349,6.9,0.57,0.0,2.8,0.081,21.0,41.0,0.99518,3.41,0.52,10.8,5
244,15.0,0.21,0.44,2.2,0.075,10.0,24.0,1.00005,3.07,0.84,9.2,7
158,7.1,0.68,0.0,2.2,0.073,12.0,22.0,0.9969,3.48,0.5,9.3,5
1594,6.2,0.6,0.08,2.0,0.09,32.0,44.0,0.9949,3.45,0.58,10.5,5
900,8.9,0.31,0.36,2.6,0.055999999999999994,10.0,39.0,0.9956200000000001,3.4,0.69,11.8,5
1197,7.7,0.57,0.21,1.5,0.069,4.0,9.0,0.9945799999999999,3.16,0.54,9.8,6
1503,6.2,0.44,0.39,2.5,0.077,6.0,14.0,0.99555,3.51,0.69,11.0,6
753,8.3,0.65,0.1,2.9,0.08900000000000001,17.0,40.0,0.99803,3.29,0.55,9.5,5
342,10.9,0.39,0.47,1.8,0.11800000000000001,6.0,14.0,0.9982,3.3,0.75,9.8,6
601,13.2,0.46,0.52,2.2,0.071,12.0,35.0,1.0006,3.1,0.56,9.0,6
1069,8.0,0.62,0.35,2.8,0.086,28.0,52.0,0.997,3.31,0.62,10.8,5
781,6.5,0.46,0.14,2.4,0.114,9.0,37.0,0.9973200000000001,3.66,0.65,9.8,5
664,12.1,0.4,0.52,2.0,0.092,15.0,54.0,1.0,3.03,0.66,10.2,5
315,7.1,0.35,0.29,2.5,0.096,20.0,53.0,0.9962,3.42,0.65,11.0,6
412,7.1,0.735,0.16,1.9,0.1,15.0,77.0,0.9966,3.27,0.64,9.3,5
1308,9.7,0.69,0.32,2.5,0.08800000000000001,22.0,91.0,0.9979,3.29,0.62,10.1,5
1546,7.0,0.57,0.02,2.0,0.07200000000000001,17.0,26.0,0.99575,3.36,0.61,10.2,5
942,10.1,0.43,0.4,2.6,0.092,13.0,52.0,0.99834,3.22,0.64,10.0,7
1089,11.6,0.41,0.54,1.5,0.095,22.0,41.0,0.99735,3.02,0.76,9.9,7
320,9.8,0.66,0.39,3.2,0.083,21.0,59.0,0.9989,3.37,0.71,11.5,7
901,7.4,0.635,0.1,2.4,0.08,16.0,33.0,0.99736,3.58,0.69,10.8,7
771,9.4,0.685,0.26,2.4,0.08199999999999999,23.0,143.0,0.9978,3.28,0.55,9.4,5
749,7.3,0.51,0.18,2.1,0.07,12.0,28.0,0.9976799999999999,3.52,0.73,9.5,6
504,10.5,0.24,0.42,1.8,0.077,6.0,22.0,0.9976,3.21,1.05,10.8,7
549,9.0,0.53,0.49,1.9,0.171,6.0,25.0,0.9975,3.27,0.61,9.4,6
568,9.8,0.5,0.49,2.6,0.25,5.0,20.0,0.9990000000000001,3.31,0.79,10.7,6
1324,6.7,0.46,0.24,1.7,0.077,18.0,34.0,0.9948,3.39,0.6,10.6,6
1399,7.2,0.67,0.0,2.2,0.068,10.0,24.0,0.9956,3.42,0.72,11.1,6
612,7.5,0.64,0.0,2.4,0.077,18.0,29.0,0.9965,3.32,0.6,10.0,6
784,7.1,0.59,0.01,2.5,0.077,20.0,85.0,0.99746,3.55,0.59,9.8,5
815,10.8,0.45,0.33,2.5,0.099,20.0,38.0,0.99818,3.24,0.71,10.8,5
301,11.1,0.18,0.48,1.5,0.068,7.0,15.0,0.9973,3.22,0.64,10.1,6
776,6.9,0.765,0.18,2.4,0.243,5.5,48.0,0.9961200000000001,3.4,0.6,10.3,6
149,8.2,0.4,0.44,2.8,0.08900000000000001,11.0,43.0,0.9975,3.53,0.61,10.5,6
1151,6.1,0.58,0.23,2.5,0.044000000000000004,16.0,70.0,0.9935200000000001,3.46,0.65,12.5,6
1505,6.7,0.76,0.02,1.8,0.078,6.0,12.0,0.996,3.55,0.63,9.95,3
665,9.4,0.59,0.14,2.0,0.084,25.0,48.0,0.9981,3.14,0.56,9.7,5
1084,7.2,0.38,0.3,1.8,0.073,31.0,70.0,0.99685,3.42,0.59,9.5,6
1055,8.2,0.64,0.27,2.0,0.095,5.0,77.0,0.9974700000000001,3.13,0.62,9.1,6
1158,6.7,0.41,0.43,2.8,0.076,22.0,54.0,0.99572,3.42,1.16,10.6,6
1299,7.6,1.58,0.0,2.1,0.13699999999999998,5.0,9.0,0.9947600000000001,3.5,0.4,10.9,3
1079,7.9,0.3,0.68,8.3,0.05,37.5,278.0,0.99316,3.01,0.51,12.3,7
1340,7.5,0.51,0.02,1.7,0.084,13.0,31.0,0.9953799999999999,3.36,0.54,10.5,6
27,7.9,0.43,0.21,1.6,0.106,10.0,37.0,0.9966,3.17,0.91,9.5,5
1500,7.5,0.725,0.04,1.5,0.076,8.0,15.0,0.99508,3.26,0.53,9.6,5
718,8.4,0.56,0.04,2.0,0.08199999999999999,10.0,22.0,0.9976,3.22,0.44,9.6,5
1537,5.4,0.58,0.08,1.9,0.059000000000000004,20.0,31.0,0.99484,3.5,0.64,10.2,6
1060,11.6,0.23,0.57,1.8,0.07400000000000001,3.0,8.0,0.9981,3.14,0.7,9.9,6
591,6.6,0.39,0.49,1.7,0.07,23.0,149.0,0.9922,3.12,0.5,11.5,6
1189,8.8,0.955,0.05,1.8,0.075,5.0,19.0,0.99616,3.3,0.44,9.6,4
80,6.2,0.45,0.2,1.6,0.069,3.0,15.0,0.9958,3.41,0.56,9.2,5
608,10.1,0.65,0.37,5.1,0.11,11.0,65.0,1.0026,3.32,0.64,10.4,6
389,9.6,0.38,0.31,2.5,0.096,16.0,49.0,0.9982,3.19,0.7,10.0,7
1186,6.6,0.8,0.03,7.8,0.079,6.0,12.0,0.9963,3.52,0.5,12.2,5
83,7.3,0.67,0.26,1.8,0.401,16.0,51.0,0.9969,3.16,1.14,9.4,5
1145,8.2,0.2,0.43,2.5,0.076,31.0,51.0,0.99672,3.53,0.81,10.4,6
1472,7.6,0.35,0.6,2.6,0.073,23.0,44.0,0.99656,3.38,0.79,11.1,6
210,9.7,0.53,0.6,2.0,0.039,5.0,19.0,0.99585,3.3,0.86,12.4,6
995,7.7,0.6,0.06,2.0,0.079,19.0,41.0,0.99697,3.39,0.62,10.1,6
842,10.6,0.5,0.45,2.6,0.11900000000000001,34.0,68.0,0.99708,3.23,0.72,10.9,6
317,9.6,0.77,0.12,2.9,0.08199999999999999,30.0,74.0,0.99865,3.3,0.64,10.4,6
845,6.4,0.64,0.21,1.8,0.081,14.0,31.0,0.9968899999999999,3.59,0.66,9.8,5
952,8.2,0.31,0.4,2.2,0.057999999999999996,6.0,10.0,0.99536,3.31,0.68,11.2,7
207,7.8,0.57,0.31,1.8,0.069,26.0,120.0,0.99625,3.29,0.53,9.3,5
1175,6.5,0.61,0.0,2.2,0.095,48.0,59.0,0.99541,3.61,0.7,11.5,6
468,11.4,0.36,0.69,2.1,0.09,6.0,21.0,1.0,3.17,0.62,9.2,6
27,7.9,0.43,0.21,1.6,0.106,10.0,37.0,0.9966,3.17,0.91,9.5,5
17,8.1,0.56,0.28,1.7,0.368,16.0,56.0,0.9968,3.11,1.28,9.3,5
949,8.9,0.12,0.45,1.8,0.075,10.0,21.0,0.9955200000000001,3.41,0.76,11.9,7
1187,7.0,0.43,0.3,2.0,0.085,6.0,39.0,0.99346,3.33,0.46,11.9,6
252,11.1,0.35,0.48,3.1,0.09,5.0,21.0,0.9986,3.17,0.53,10.5,5
1119,5.6,0.66,0.0,2.5,0.066,7.0,15.0,0.99256,3.52,0.58,12.9,5
1275,8.0,0.715,0.22,2.3,0.075,13.0,81.0,0.9968799999999999,3.24,0.54,9.5,6
204,7.0,0.43,0.36,1.6,0.08900000000000001,14.0,37.0,0.99615,3.34,0.56,9.2,6
642,9.9,0.54,0.45,2.3,0.071,16.0,40.0,0.9991,3.39,0.62,9.4,5
964,8.5,0.47,0.27,1.9,0.057999999999999996,18.0,38.0,0.99518,3.16,0.85,11.1,6
740,8.3,0.76,0.29,4.2,0.075,12.0,16.0,0.9965,3.45,0.68,11.5,6
1384,7.1,0.755,0.15,1.8,0.107,20.0,84.0,0.99593,3.19,0.5,9.5,5
1527,7.1,0.53,0.07,1.7,0.071,15.0,24.0,0.9951,3.29,0.66,10.8,6
265,11.8,0.26,0.52,1.8,0.071,6.0,10.0,0.9968,3.2,0.72,10.2,7
674,10.8,0.4,0.41,2.2,0.084,7.0,17.0,0.9984,3.08,0.67,9.3,6
1046,7.6,0.78,0.0,1.7,0.076,33.0,45.0,0.9961200000000001,3.31,0.62,10.7,6
1315,7.5,0.63,0.27,2.0,0.083,17.0,91.0,0.99616,3.26,0.58,9.8,6
202,6.8,0.5,0.11,1.5,0.075,16.0,49.0,0.99545,3.36,0.79,9.5,5
1417,7.3,0.34,0.33,2.5,0.064,21.0,37.0,0.9952,3.35,0.77,12.1,7
48,6.4,0.4,0.23,1.6,0.066,5.0,12.0,0.9958,3.34,0.56,9.2,5
1593,6.8,0.62,0.08,1.9,0.068,28.0,38.0,0.99651,3.42,0.82,9.5,6
1491,5.6,0.54,0.04,1.7,0.049,5.0,13.0,0.9942,3.72,0.58,11.4,5
923,6.8,0.41,0.31,8.8,0.084,26.0,45.0,0.99824,3.38,0.64,10.1,6
669,11.3,0.34,0.45,2.0,0.08199999999999999,6.0,15.0,0.9988,2.94,0.66,9.2,6
321,9.3,0.61,0.26,3.4,0.09,25.0,87.0,0.99975,3.24,0.62,9.7,5
1562,7.2,0.695,0.13,2.0,0.076,12.0,20.0,0.99546,3.29,0.54,10.1,5
90,7.9,0.52,0.26,1.9,0.079,42.0,140.0,0.9964,3.23,0.54,9.5,5
1275,8.0,0.715,0.22,2.3,0.075,13.0,81.0,0.9968799999999999,3.24,0.54,9.5,6
245,7.3,0.66,0.0,2.0,0.084,6.0,23.0,0.9983,3.61,0.96,9.9,6
616,9.6,0.6,0.5,2.3,0.079,28.0,71.0,0.9997,3.5,0.57,9.7,5
1124,6.5,0.58,0.0,2.2,0.096,3.0,13.0,0.9955700000000001,3.62,0.62,11.5,4
318,9.8,0.66,0.39,3.2,0.083,21.0,59.0,0.9989,3.37,0.71,11.5,7
1230,7.7,0.18,0.34,2.7,0.066,15.0,58.0,0.9947,3.37,0.78,11.8,6
1495,7.0,0.43,0.02,1.9,0.08,15.0,28.0,0.99492,3.35,0.81,10.6,6
963,8.8,0.27,0.39,2.0,0.1,20.0,27.0,0.99546,3.15,0.69,11.2,6
1532,7.2,0.53,0.13,2.0,0.057999999999999996,18.0,22.0,0.9957299999999999,3.21,0.68,9.9,6
1096,6.6,0.725,0.09,5.5,0.11699999999999999,9.0,17.0,0.99655,3.35,0.49,10.8,6
317,9.6,0.77,0.12,2.9,0.08199999999999999,30.0,74.0,0.99865,3.3,0.64,10.4,6
285,9.9,0.59,0.07,3.4,0.102,32.0,71.0,1.00015,3.31,0.71,9.8,5
644,9.9,0.54,0.45,2.3,0.071,16.0,40.0,0.9991,3.39,0.62,9.4,5
915,8.6,0.315,0.4,2.2,0.079,3.0,6.0,0.9951200000000001,3.27,0.67,11.9,6
661,7.5,0.42,0.31,1.6,0.08,15.0,42.0,0.9978,3.31,0.64,9.0,5
869,7.6,0.63,0.03,2.0,0.08,27.0,43.0,0.9957799999999999,3.44,0.64,10.9,6
1389,6.7,0.48,0.02,2.2,0.08,36.0,111.0,0.99524,3.1,0.53,9.7,5
1193,6.4,0.885,0.0,2.3,0.166,6.0,12.0,0.99551,3.56,0.51,10.8,5
618,11.4,0.46,0.5,2.7,0.122,4.0,17.0,1.0006,3.13,0.7,10.2,5
421,6.6,0.84,0.03,2.3,0.059000000000000004,32.0,48.0,0.9952,3.52,0.56,12.3,7
887,10.7,0.52,0.38,2.6,0.066,29.0,56.0,0.99577,3.15,0.79,12.1,7
270,7.9,0.545,0.06,4.0,0.087,27.0,61.0,0.9965,3.36,0.67,10.7,6
28,7.1,0.71,0.0,1.9,0.08,14.0,35.0,0.9972,3.47,0.55,9.4,5
1516,6.1,0.32,0.25,2.3,0.071,23.0,58.0,0.9963299999999999,3.42,0.97,10.6,5
592,9.0,0.45,0.49,2.6,0.084,21.0,75.0,0.9987,3.35,0.57,9.7,5
1494,6.4,0.31,0.09,1.4,0.066,15.0,28.0,0.99459,3.42,0.7,10.0,7
614,9.2,0.755,0.18,2.2,0.14800000000000002,10.0,103.0,0.9969,2.87,1.36,10.2,6
417,7.0,0.58,0.12,1.9,0.091,34.0,124.0,0.9956,3.44,0.48,10.5,5
1460,6.4,0.42,0.09,2.3,0.054000000000000006,34.0,64.0,0.99724,3.41,0.68,10.4,6
1529,7.1,0.69,0.08,2.1,0.063,42.0,52.0,0.99608,3.42,0.6,10.2,6
389,9.6,0.38,0.31,2.5,0.096,16.0,49.0,0.9982,3.19,0.7,10.0,7
1492,6.2,0.65,0.06,1.6,0.05,6.0,18.0,0.9934799999999999,3.57,0.54,11.95,5
1472,7.6,0.35,0.6,2.6,0.073,23.0,44.0,0.99656,3.38,0.79,11.1,6
868,6.8,0.56,0.22,1.8,0.07400000000000001,15.0,24.0,0.9943799999999999,3.4,0.82,11.2,6
1451,7.8,0.32,0.44,2.7,0.10400000000000001,8.0,17.0,0.9973200000000001,3.33,0.78,11.0,7
961,7.1,0.56,0.14,1.6,0.078,7.0,18.0,0.99592,3.27,0.62,9.3,5
559,13.0,0.47,0.49,4.3,0.085,6.0,47.0,1.0021,3.3,0.68,12.7,6
384,7.7,0.51,0.28,2.1,0.087,23.0,54.0,0.998,3.42,0.74,9.2,5
886,9.0,0.8,0.12,2.4,0.083,8.0,28.0,0.99836,3.33,0.65,10.4,6
503,10.5,0.26,0.47,1.9,0.078,6.0,24.0,0.9976,3.18,1.04,10.9,7
207,7.8,0.57,0.31,1.8,0.069,26.0,120.0,0.99625,3.29,0.53,9.3,5
277,11.5,0.18,0.51,4.0,0.10400000000000001,4.0,23.0,0.9996,3.28,0.97,10.1,6
1232,7.6,0.43,0.29,2.1,0.075,19.0,66.0,0.99718,3.4,0.64,9.5,5
1586,7.5,0.31,0.41,2.4,0.065,34.0,60.0,0.99492,3.34,0.85,11.4,6
594,7.9,0.72,0.17,2.6,0.096,20.0,38.0,0.9978,3.4,0.53,9.5,5
1384,7.1,0.755,0.15,1.8,0.107,20.0,84.0,0.99593,3.19,0.5,9.5,5
854,9.3,0.36,0.39,1.5,0.08,41.0,55.0,0.9965200000000001,3.47,0.73,10.9,6
1495,7.0,0.43,0.02,1.9,0.08,15.0,28.0,0.99492,3.35,0.81,10.6,6
613,8.2,0.39,0.38,1.5,0.057999999999999996,10.0,29.0,0.9962,3.26,0.74,9.8,5
634,7.9,0.35,0.21,1.9,0.073,46.0,102.0,0.9964,3.27,0.58,9.5,5
795,10.8,0.89,0.3,2.6,0.132,7.0,60.0,0.9978600000000001,2.99,1.18,10.2,5
1477,5.3,0.47,0.11,2.2,0.048,16.0,89.0,0.99182,3.54,0.88,13.6,7
1258,6.8,0.64,0.0,2.7,0.12300000000000001,15.0,33.0,0.9953799999999999,3.44,0.63,11.3,6
291,11.0,0.2,0.48,2.0,0.34299999999999997,6.0,18.0,0.9979,3.3,0.71,10.5,5
759,8.8,0.42,0.21,2.5,0.092,33.0,88.0,0.99823,3.19,0.52,9.2,5
137,7.2,0.415,0.36,2.0,0.081,13.0,45.0,0.9972,3.48,0.64,9.2,5
264,12.5,0.56,0.49,2.4,0.064,5.0,27.0,0.9999,3.08,0.87,10.9,5
582,11.7,0.49,0.49,2.2,0.083,5.0,15.0,1.0,3.19,0.43,9.2,5
1557,6.6,0.855,0.02,2.4,0.062,15.0,23.0,0.9962700000000001,3.54,0.6,11.0,6
764,9.1,0.68,0.11,2.8,0.09300000000000001,11.0,44.0,0.9988799999999999,3.31,0.55,9.5,6
1095,9.4,0.4,0.47,2.5,0.087,6.0,20.0,0.99772,3.15,0.5,10.5,5
867,6.9,0.51,0.23,2.0,0.07200000000000001,13.0,22.0,0.9943799999999999,3.4,0.84,11.2,6
1346,6.1,0.59,0.01,2.1,0.055999999999999994,5.0,13.0,0.99472,3.52,0.56,11.4,5
1413,9.9,0.57,0.25,2.0,0.10400000000000001,12.0,89.0,0.9963,3.04,0.9,10.1,5
1282,7.9,0.765,0.0,2.0,0.084,9.0,22.0,0.9961899999999999,3.33,0.68,10.9,6
253,7.7,0.775,0.42,1.9,0.092,8.0,86.0,0.9959,3.23,0.59,9.5,5
764,9.1,0.68,0.11,2.8,0.09300000000000001,11.0,44.0,0.9988799999999999,3.31,0.55,9.5,6
1081,7.9,0.3,0.68,8.3,0.05,37.5,289.0,0.99316,3.01,0.51,12.3,7
1115,7.0,0.69,0.07,2.5,0.091,15.0,21.0,0.99572,3.38,0.6,11.3,6
786,9.9,0.35,0.41,2.3,0.083,11.0,61.0,0.9982,3.21,0.5,9.5,5
398,11.5,0.59,0.59,2.6,0.087,13.0,49.0,0.9988,3.18,0.65,11.0,6
977,8.4,0.59,0.29,2.6,0.109,31.0,119.0,0.9980100000000001,3.15,0.5,9.1,5
747,8.6,0.33,0.4,2.6,0.083,16.0,68.0,0.99782,3.3,0.48,9.4,5
1219,9.0,0.39,0.4,1.3,0.044000000000000004,25.0,50.0,0.9947799999999999,3.2,0.83,10.9,6
1221,10.9,0.32,0.52,1.8,0.132,17.0,44.0,0.99734,3.28,0.77,11.5,6
1265,7.2,0.57,0.05,2.3,0.081,16.0,36.0,0.99564,3.38,0.6,10.3,6
1586,7.5,0.31,0.41,2.4,0.065,34.0,60.0,0.99492,3.34,0.85,11.4,6
38,5.7,1.13,0.09,1.5,0.172,7.0,19.0,0.9940000000000001,3.5,0.48,9.8,4
800,7.2,0.61,0.08,4.0,0.08199999999999999,26.0,108.0,0.99641,3.25,0.51,9.4,5
25,6.3,0.39,0.16,1.4,0.08,11.0,23.0,0.9955,3.34,0.56,9.3,5
1289,7.0,0.6,0.3,4.5,0.068,20.0,110.0,0.9991399999999999,3.3,1.17,10.2,5
916,5.3,0.715,0.19,1.5,0.161,7.0,62.0,0.99395,3.62,0.61,11.0,5
540,9.2,0.59,0.24,3.3,0.10099999999999999,20.0,47.0,0.9988,3.26,0.67,9.6,5
837,6.7,0.28,0.28,2.4,0.012,36.0,100.0,0.99064,3.26,0.39,11.7,7
379,8.3,0.42,0.38,2.5,0.094,24.0,60.0,0.9979,3.31,0.7,10.8,6
583,12.0,0.28,0.49,1.9,0.07400000000000001,10.0,21.0,0.9976,2.98,0.66,9.9,7
546,7.5,0.55,0.24,2.0,0.078,10.0,28.0,0.9983,3.45,0.78,9.5,6
1533,8.0,0.39,0.3,1.9,0.07400000000000001,32.0,84.0,0.9971700000000001,3.39,0.61,9.0,5
389,9.6,0.38,0.31,2.5,0.096,16.0,49.0,0.9982,3.19,0.7,10.0,7
813,6.9,0.39,0.24,2.1,0.102,4.0,7.0,0.9946200000000001,3.44,0.58,11.4,4
464,11.5,0.315,0.54,2.1,0.084,5.0,15.0,0.9987,2.98,0.7,9.2,6
1021,11.3,0.36,0.66,2.4,0.12300000000000001,3.0,8.0,0.9964200000000001,3.2,0.53,11.9,6
1234,7.1,0.75,0.01,2.2,0.059000000000000004,11.0,18.0,0.9924200000000001,3.39,0.4,12.8,6
754,7.8,0.48,0.68,1.7,0.415,14.0,32.0,0.99656,3.09,1.06,9.1,6
1484,6.8,0.91,0.06,2.0,0.06,4.0,11.0,0.99592,3.53,0.64,10.9,4
1336,6.0,0.5,0.0,1.4,0.057,15.0,26.0,0.9944799999999999,3.36,0.45,9.5,5
217,8.1,0.725,0.22,2.2,0.07200000000000001,11.0,41.0,0.9967,3.36,0.55,9.1,5
308,10.3,0.43,0.44,2.4,0.214,5.0,12.0,0.9994,3.19,0.63,9.5,6
283,8.9,0.4,0.32,5.6,0.087,10.0,47.0,0.9991,3.38,0.77,10.5,7
1463,6.9,0.63,0.01,2.4,0.076,14.0,39.0,0.9952200000000001,3.34,0.53,10.8,6
1164,9.0,0.785,0.24,1.7,0.078,10.0,21.0,0.99692,3.29,0.67,10.0,5
1198,7.7,0.26,0.26,2.0,0.052000000000000005,19.0,77.0,0.9951,3.15,0.79,10.9,6
109,8.1,0.785,0.52,2.0,0.122,37.0,153.0,0.9969,3.21,0.69,9.3,5
235,7.2,0.63,0.0,1.9,0.09699999999999999,14.0,38.0,0.99675,3.37,0.58,9.0,6
1457,7.6,0.49,0.33,1.9,0.07400000000000001,27.0,85.0,0.9970600000000001,3.41,0.58,9.0,5
123,8.0,0.71,0.0,2.6,0.08,11.0,34.0,0.9976,3.44,0.53,9.5,5
1266,7.2,0.57,0.05,2.3,0.081,16.0,36.0,0.99564,3.38,0.6,10.3,6
604,8.3,0.58,0.13,2.9,0.096,14.0,63.0,0.9984,3.17,0.62,9.1,6
1064,8.2,0.74,0.09,2.0,0.067,5.0,10.0,0.99418,3.28,0.57,11.8,6
289,11.6,0.42,0.53,3.3,0.105,33.0,98.0,1.001,3.2,0.95,9.2,5
971,10.4,0.26,0.48,1.9,0.066,6.0,10.0,0.99724,3.33,0.87,10.9,6
337,7.8,0.43,0.32,2.8,0.08,29.0,58.0,0.9974,3.31,0.64,10.3,5
512,10.7,0.4,0.48,2.1,0.125,15.0,49.0,0.998,3.03,0.81,9.7,6
1037,7.3,0.91,0.1,1.8,0.07400000000000001,20.0,56.0,0.99672,3.35,0.56,9.2,5
1222,8.1,0.53,0.22,2.2,0.078,33.0,89.0,0.9967799999999999,3.26,0.46,9.6,6
722,7.6,0.42,0.08,2.7,0.084,15.0,48.0,0.9968,3.21,0.59,10.0,5
234,8.2,1.0,0.09,2.3,0.065,7.0,37.0,0.99685,3.32,0.55,9.0,6
1357,7.3,0.43,0.24,2.5,0.078,27.0,67.0,0.9964799999999999,3.6,0.59,11.1,6
85,6.9,0.55,0.15,2.2,0.076,19.0,40.0,0.9961,3.41,0.59,10.1,5
39,7.3,0.45,0.36,5.9,0.07400000000000001,12.0,87.0,0.9978,3.33,0.83,10.5,5
62,7.5,0.52,0.16,1.9,0.085,12.0,35.0,0.9968,3.38,0.62,9.5,7
641,9.5,0.59,0.44,2.3,0.071,21.0,68.0,0.9992,3.46,0.63,9.5,5
650,10.7,0.43,0.39,2.2,0.106,8.0,32.0,0.9986,2.89,0.5,9.6,5
1219,9.0,0.39,0.4,1.3,0.044000000000000004,25.0,50.0,0.9947799999999999,3.2,0.83,10.9,6
1465,6.8,0.59,0.1,1.7,0.063,34.0,53.0,0.9958,3.41,0.67,9.7,5
1551,7.1,0.67,0.0,2.3,0.083,18.0,27.0,0.9976799999999999,3.44,0.54,9.4,5
193,7.6,0.55,0.21,2.2,0.071,7.0,28.0,0.9964,3.28,0.55,9.7,5
769,7.9,0.72,0.01,1.9,0.076,7.0,32.0,0.9966799999999999,3.39,0.54,9.6,5
1137,10.4,0.52,0.45,2.0,0.08,6.0,13.0,0.99774,3.22,0.76,11.4,6
1566,6.7,0.16,0.64,2.1,0.059000000000000004,24.0,52.0,0.9949399999999999,3.34,0.71,11.2,6
1034,8.9,0.745,0.18,2.5,0.077,15.0,48.0,0.99739,3.2,0.47,9.7,6
890,7.2,0.34,0.24,2.0,0.071,30.0,52.0,0.9957600000000001,3.44,0.58,10.1,5
794,10.1,0.27,0.54,2.3,0.065,7.0,26.0,0.99531,3.17,0.53,12.5,6
1401,7.9,0.69,0.21,2.1,0.08,33.0,141.0,0.9962,3.25,0.51,9.9,5
1177,7.1,0.66,0.0,2.4,0.052000000000000005,6.0,11.0,0.99318,3.35,0.66,12.7,7
1505,6.7,0.76,0.02,1.8,0.078,6.0,12.0,0.996,3.55,0.63,9.95,3
1066,6.6,0.52,0.08,2.4,0.07,13.0,26.0,0.9935799999999999,3.4,0.72,12.5,7
909,7.3,0.305,0.39,1.2,0.059000000000000004,7.0,11.0,0.99331,3.29,0.52,11.5,6
1316,5.4,0.74,0.0,1.2,0.040999999999999995,16.0,46.0,0.9925799999999999,4.01,0.59,12.5,6
757,8.1,0.87,0.0,2.2,0.084,10.0,31.0,0.99656,3.25,0.5,9.8,5
1053,8.3,0.33,0.42,2.3,0.07,9.0,20.0,0.99426,3.38,0.77,12.7,7
1019,7.0,0.5,0.14,1.8,0.078,10.0,23.0,0.99636,3.53,0.61,10.4,5
798,9.4,0.5,0.34,3.6,0.08199999999999999,5.0,14.0,0.9987,3.29,0.52,10.7,6
461,8.3,0.615,0.22,2.6,0.087,6.0,19.0,0.9982,3.26,0.61,9.3,5
1367,6.9,0.54,0.3,2.2,0.08800000000000001,9.0,105.0,0.99725,3.25,1.18,10.5,6
689,8.1,0.38,0.48,1.8,0.157,5.0,17.0,0.9976,3.3,1.05,9.4,5
887,10.7,0.52,0.38,2.6,0.066,29.0,56.0,0.99577,3.15,0.79,12.1,7
757,8.1,0.87,0.0,2.2,0.084,10.0,31.0,0.99656,3.25,0.5,9.8,5
756,6.3,0.98,0.01,2.0,0.057,15.0,33.0,0.9948799999999999,3.6,0.46,11.2,6
957,9.5,0.37,0.52,2.0,0.08800000000000001,12.0,51.0,0.99613,3.29,0.58,11.1,6
365,10.0,0.42,0.5,3.4,0.107,7.0,21.0,0.9979,3.26,0.93,11.8,6
1263,8.2,0.78,0.0,2.2,0.08900000000000001,13.0,26.0,0.9978,3.37,0.46,9.6,4
1075,9.1,0.25,0.34,2.0,0.071,45.0,67.0,0.99769,3.44,0.86,10.2,7
604,8.3,0.58,0.13,2.9,0.096,14.0,63.0,0.9984,3.17,0.62,9.1,6
1417,7.3,0.34,0.33,2.5,0.064,21.0,37.0,0.9952,3.35,0.77,12.1,7
846,6.4,0.64,0.21,1.8,0.081,14.0,31.0,0.9968899999999999,3.59,0.66,9.8,5
1056,8.9,0.48,0.53,4.0,0.10099999999999999,3.0,10.0,0.9958600000000001,3.21,0.59,12.1,7
437,11.1,0.45,0.73,3.2,0.066,6.0,22.0,0.9986,3.17,0.66,11.2,6
489,9.3,0.39,0.4,2.6,0.073,10.0,26.0,0.9984,3.34,0.75,10.2,6
1277,7.0,0.69,0.0,1.9,0.114,3.0,10.0,0.99636,3.35,0.6,9.7,6
1151,6.1,0.58,0.23,2.5,0.044000000000000004,16.0,70.0,0.9935200000000001,3.46,0.65,12.5,6
1025,8.6,0.83,0.0,2.8,0.095,17.0,43.0,0.9982200000000001,3.33,0.6,10.4,6
67,6.6,0.705,0.07,1.6,0.076,6.0,15.0,0.9962,3.44,0.58,10.7,5
1240,7.5,0.61,0.2,1.7,0.076,36.0,60.0,0.9949399999999999,3.1,0.4,9.3,5
130,8.0,0.745,0.56,2.0,0.11800000000000001,30.0,134.0,0.9968,3.24,0.66,9.4,5
321,9.3,0.61,0.26,3.4,0.09,25.0,87.0,0.99975,3.24,0.62,9.7,5
1566,6.7,0.16,0.64,2.1,0.059000000000000004,24.0,52.0,0.9949399999999999,3.34,0.71,11.2,6
433,12.3,0.39,0.63,2.3,0.091,6.0,18.0,1.0004,3.16,0.49,9.5,5
548,12.4,0.35,0.49,2.6,0.079,27.0,69.0,0.9994,3.12,0.75,10.4,6
1523,6.8,0.48,0.25,2.0,0.076,29.0,61.0,0.9953,3.34,0.6,10.4,5
765,9.2,0.67,0.1,3.0,0.091,12.0,48.0,0.9988799999999999,3.31,0.54,9.5,6
376,11.5,0.45,0.5,3.0,0.078,19.0,47.0,1.0003,3.26,1.11,11.0,6
531,11.9,0.38,0.49,2.7,0.098,12.0,42.0,1.0004,3.16,0.61,10.3,5
265,11.8,0.26,0.52,1.8,0.071,6.0,10.0,0.9968,3.2,0.72,10.2,7
161,7.6,0.68,0.02,1.3,0.07200000000000001,9.0,20.0,0.9965,3.17,1.08,9.2,4
428,9.1,0.52,0.33,1.3,0.07,9.0,30.0,0.9978,3.24,0.6,9.3,5
871,6.9,0.56,0.03,1.5,0.086,36.0,46.0,0.9952200000000001,3.53,0.57,10.6,5
1000,7.5,0.43,0.3,2.2,0.062,6.0,12.0,0.99495,3.44,0.72,11.5,7
200,9.6,0.32,0.47,1.4,0.055999999999999994,9.0,24.0,0.99695,3.22,0.82,10.3,7
929,8.7,0.33,0.38,3.3,0.063,10.0,19.0,0.9946799999999999,3.3,0.73,12.0,7
154,7.1,0.43,0.42,5.5,0.07,29.0,129.0,0.9973,3.42,0.72,10.5,5
796,8.7,0.46,0.31,2.5,0.126,24.0,64.0,0.99746,3.1,0.74,9.6,5
520,9.8,0.25,0.49,2.7,0.08800000000000001,15.0,33.0,0.9982,3.42,0.9,10.0,6
35,7.8,0.645,0.0,5.5,0.086,5.0,18.0,0.9986,3.4,0.55,9.6,6
1464,6.8,0.59,0.1,1.7,0.063,34.0,53.0,0.9958,3.41,0.67,9.7,5
320,9.8,0.66,0.39,3.2,0.083,21.0,59.0,0.9989,3.37,0.71,11.5,7
300,7.5,0.53,0.06,2.6,0.086,20.0,44.0,0.9965,3.38,0.59,10.7,6
622,10.0,0.58,0.22,1.9,0.08,9.0,32.0,0.9974,3.13,0.55,9.5,5
916,5.3,0.715,0.19,1.5,0.161,7.0,62.0,0.99395,3.62,0.61,11.0,5
114,7.8,0.56,0.19,1.8,0.10400000000000001,12.0,47.0,0.9964,3.19,0.93,9.5,5
998,8.9,0.84,0.34,1.4,0.05,4.0,10.0,0.99554,3.12,0.48,9.1,6
399,8.7,0.765,0.22,2.3,0.064,9.0,42.0,0.9963,3.1,0.55,9.4,5
378,11.4,0.625,0.66,6.2,0.08800000000000001,6.0,24.0,0.9988,3.11,0.99,13.3,6
632,7.6,0.41,0.14,3.0,0.087,21.0,43.0,0.9964,3.32,0.57,10.5,6
747,8.6,0.33,0.4,2.6,0.083,16.0,68.0,0.99782,3.3,0.48,9.4,5
769,7.9,0.72,0.01,1.9,0.076,7.0,32.0,0.9966799999999999,3.39,0.54,9.6,5
1413,9.9,0.57,0.25,2.0,0.10400000000000001,12.0,89.0,0.9963,3.04,0.9,10.1,5
374,14.0,0.41,0.63,3.8,0.08900000000000001,6.0,47.0,1.0014,3.01,0.81,10.8,6
271,11.5,0.18,0.51,4.0,0.10400000000000001,4.0,23.0,0.9996,3.28,0.97,10.1,6
478,9.6,0.68,0.24,2.2,0.087,5.0,28.0,0.9988,3.14,0.6,10.2,5
1207,9.9,0.72,0.55,1.7,0.136,24.0,52.0,0.9975200000000001,3.35,0.94,10.0,5
171,8.0,0.42,0.17,2.0,0.073,6.0,18.0,0.9972,3.29,0.61,9.2,6
493,8.7,0.69,0.31,3.0,0.086,23.0,81.0,1.0002,3.48,0.74,11.6,6
589,10.2,0.29,0.49,2.6,0.059000000000000004,5.0,13.0,0.9976,3.05,0.74,10.5,7
1199,7.9,0.58,0.23,2.3,0.076,23.0,94.0,0.9968600000000001,3.21,0.58,9.5,6
1448,6.9,0.58,0.01,1.9,0.08,40.0,54.0,0.9968299999999999,3.4,0.73,9.7,5
1461,6.2,0.785,0.0,2.1,0.06,6.0,13.0,0.99664,3.59,0.61,10.0,4
450,11.9,0.39,0.69,2.8,0.095,17.0,35.0,0.9994,3.1,0.61,10.8,6
227,9.0,0.82,0.14,2.6,0.08900000000000001,9.0,23.0,0.9984,3.39,0.63,9.8,5
637,9.5,0.885,0.27,2.3,0.084,31.0,145.0,0.9978,3.24,0.53,9.4,5
235,7.2,0.63,0.0,1.9,0.09699999999999999,14.0,38.0,0.99675,3.37,0.58,9.0,6
1490,7.1,0.22,0.49,1.8,0.039,8.0,18.0,0.99344,3.39,0.56,12.4,6
594,7.9,0.72,0.17,2.6,0.096,20.0,38.0,0.9978,3.4,0.53,9.5,5
1318,7.5,0.63,0.27,2.0,0.083,17.0,91.0,0.99616,3.26,0.58,9.8,6
1211,6.6,0.44,0.15,2.1,0.076,22.0,53.0,0.9957,3.32,0.62,9.3,5
1241,9.8,0.37,0.39,2.5,0.079,28.0,65.0,0.99729,3.16,0.59,9.8,5
933,7.4,0.61,0.01,2.0,0.07400000000000001,13.0,38.0,0.9974799999999999,3.48,0.65,9.8,5
565,12.7,0.6,0.49,2.8,0.075,5.0,19.0,0.9994,3.14,0.57,11.4,5
1053,8.3,0.33,0.42,2.3,0.07,9.0,20.0,0.99426,3.38,0.77,12.7,7
1122,6.3,0.47,0.0,1.4,0.055,27.0,33.0,0.9922,3.45,0.48,12.3,6
362,11.9,0.58,0.66,2.5,0.07200000000000001,6.0,37.0,0.9992,3.05,0.56,10.0,5
645,7.8,0.64,0.1,6.0,0.115,5.0,11.0,0.9984,3.37,0.69,10.1,7
944,8.3,0.3,0.49,3.8,0.09,11.0,24.0,0.99498,3.27,0.64,12.1,7
97,7.0,0.5,0.25,2.0,0.07,3.0,22.0,0.9963,3.25,0.63,9.2,5
1488,5.6,0.54,0.04,1.7,0.049,5.0,13.0,0.9942,3.72,0.58,11.4,5
745,7.3,0.51,0.18,2.1,0.07,12.0,28.0,0.9976799999999999,3.52,0.73,9.5,6
265,11.8,0.26,0.52,1.8,0.071,6.0,10.0,0.9968,3.2,0.72,10.2,7
742,6.5,0.615,0.0,1.9,0.065,9.0,18.0,0.9972,3.46,0.65,9.2,5
1144,7.3,0.32,0.23,2.3,0.066,35.0,70.0,0.9958799999999999,3.43,0.62,10.1,5
565,12.7,0.6,0.49,2.8,0.075,5.0,19.0,0.9994,3.14,0.57,11.4,5
1169,7.6,0.5,0.29,2.3,0.086,5.0,14.0,0.9950200000000001,3.32,0.62,11.5,6
1494,6.4,0.31,0.09,1.4,0.066,15.0,28.0,0.99459,3.42,0.7,10.0,7
984,12.2,0.45,0.49,1.4,0.075,3.0,6.0,0.9969,3.13,0.63,10.4,5
1269,5.5,0.49,0.03,1.8,0.044000000000000004,28.0,87.0,0.9908,3.5,0.82,14.0,8
1036,7.6,0.31,0.34,2.5,0.08199999999999999,26.0,35.0,0.99356,3.22,0.59,12.5,7
628,8.7,0.54,0.26,2.5,0.09699999999999999,7.0,31.0,0.9976,3.27,0.6,9.3,6
1558,6.9,0.63,0.33,6.7,0.235,66.0,115.0,0.99787,3.22,0.56,9.5,5
335,11.9,0.695,0.53,3.4,0.128,7.0,21.0,0.9992,3.17,0.84,12.2,7
646,7.3,0.67,0.05,3.6,0.107,6.0,20.0,0.9972,3.4,0.63,10.1,5
1260,8.6,0.635,0.68,1.8,0.40299999999999997,19.0,56.0,0.9963200000000001,3.02,1.15,9.3,5
571,6.2,0.36,0.24,2.2,0.095,19.0,42.0,0.9946,3.57,0.57,11.7,6
527,7.0,0.38,0.49,2.5,0.09699999999999999,33.0,85.0,0.9962,3.39,0.77,11.4,6
923,6.8,0.41,0.31,8.8,0.084,26.0,45.0,0.99824,3.38,0.64,10.1,6
1404,8.0,0.5,0.39,2.6,0.08199999999999999,12.0,46.0,0.9985,3.43,0.62,10.7,6
51,6.6,0.52,0.04,2.2,0.069,8.0,15.0,0.9956,3.4,0.63,9.4,6
955,8.5,0.21,0.52,1.9,0.09,9.0,23.0,0.9964799999999999,3.36,0.67,10.4,5
58,7.8,0.59,0.18,2.3,0.076,17.0,54.0,0.9975,3.43,0.59,10.0,5
1593,6.8,0.62,0.08,1.9,0.068,28.0,38.0,0.99651,3.42,0.82,9.5,6
343,10.9,0.39,0.47,1.8,0.11800000000000001,6.0,14.0,0.9982,3.3,0.75,9.8,6
740,8.3,0.76,0.29,4.2,0.075,12.0,16.0,0.9965,3.45,0.68,11.5,6
427,9.5,0.78,0.22,1.9,0.077,6.0,32.0,0.9988,3.26,0.56,10.6,6
889,10.7,0.9,0.34,6.6,0.11199999999999999,23.0,99.0,1.00289,3.22,0.68,9.3,5
363,12.5,0.46,0.63,2.0,0.071,6.0,15.0,0.9988,2.99,0.87,10.2,5
5,7.4,0.66,0.0,1.8,0.075,13.0,40.0,0.9978,3.51,0.56,9.4,5
1473,6.1,0.6,0.08,1.8,0.071,14.0,45.0,0.99336,3.38,0.54,11.0,5
11,7.5,0.5,0.36,6.1,0.071,17.0,102.0,0.9978,3.35,0.8,10.5,5
886,9.0,0.8,0.12,2.4,0.083,8.0,28.0,0.99836,3.33,0.65,10.4,6
528,8.2,0.42,0.49,2.6,0.084,32.0,55.0,0.9988,3.34,0.75,8.7,6
538,12.9,0.35,0.49,5.8,0.066,5.0,35.0,1.0014,3.2,0.66,12.0,7
1108,8.1,0.78,0.1,3.3,0.09,4.0,13.0,0.99855,3.36,0.49,9.5,5
560,12.7,0.6,0.49,2.8,0.075,5.0,19.0,0.9994,3.14,0.57,11.4,5
212,11.6,0.44,0.64,2.1,0.059000000000000004,5.0,15.0,0.998,3.21,0.67,10.2,6
1553,7.3,0.735,0.0,2.2,0.08,18.0,28.0,0.99765,3.41,0.6,9.4,5
641,9.5,0.59,0.44,2.3,0.071,21.0,68.0,0.9992,3.46,0.63,9.5,5
1503,6.2,0.44,0.39,2.5,0.077,6.0,14.0,0.99555,3.51,0.69,11.0,6
1095,9.4,0.4,0.47,2.5,0.087,6.0,20.0,0.99772,3.15,0.5,10.5,5
343,10.9,0.39,0.47,1.8,0.11800000000000001,6.0,14.0,0.9982,3.3,0.75,9.8,6
37,8.1,0.38,0.28,2.1,0.066,13.0,30.0,0.9968,3.23,0.73,9.7,7
829,5.9,0.61,0.08,2.1,0.071,16.0,24.0,0.9937600000000001,3.56,0.77,11.1,6
1089,11.6,0.41,0.54,1.5,0.095,22.0,41.0,0.99735,3.02,0.76,9.9,7
1,7.8,0.88,0.0,2.6,0.098,25.0,67.0,0.9968,3.2,0.68,9.8,5
946,10.2,0.44,0.58,4.1,0.092,11.0,24.0,0.99745,3.29,0.99,12.0,7
1158,6.7,0.41,0.43,2.8,0.076,22.0,54.0,0.99572,3.42,1.16,10.6,6
424,7.7,0.96,0.2,2.0,0.047,15.0,60.0,0.9955,3.36,0.44,10.9,5
5,7.4,0.66,0.0,1.8,0.075,13.0,40.0,0.9978,3.51,0.56,9.4,5
662,7.2,0.57,0.06,1.6,0.076,9.0,27.0,0.9972,3.36,0.7,9.6,6
178,7.0,0.805,0.0,2.5,0.068,7.0,20.0,0.9969,3.48,0.56,9.6,5
773,7.9,0.4,0.29,1.8,0.157,1.0,44.0,0.9973,3.3,0.92,9.5,6
211,8.0,0.725,0.24,2.8,0.083,10.0,62.0,0.99685,3.35,0.56,10.0,6
915,8.6,0.315,0.4,2.2,0.079,3.0,6.0,0.9951200000000001,3.27,0.67,11.9,6
881,7.6,0.715,0.0,2.1,0.068,30.0,35.0,0.9953299999999999,3.48,0.65,11.4,6
841,6.6,0.66,0.0,3.0,0.115,21.0,31.0,0.99629,3.45,0.63,10.3,5
132,5.6,0.5,0.09,2.3,0.049,17.0,99.0,0.9937,3.63,0.63,13.0,5
612,7.5,0.64,0.0,2.4,0.077,18.0,29.0,0.9965,3.32,0.6,10.0,6
1065,7.7,0.61,0.18,2.4,0.083,6.0,20.0,0.9963,3.29,0.6,10.2,6
1255,6.1,0.64,0.02,2.4,0.069,26.0,46.0,0.9935799999999999,3.47,0.45,11.0,5
109,8.1,0.785,0.52,2.0,0.122,37.0,153.0,0.9969,3.21,0.69,9.3,5
116,8.3,0.54,0.28,1.9,0.077,11.0,40.0,0.9978,3.39,0.61,10.0,6
293,6.9,0.36,0.25,2.4,0.098,5.0,16.0,0.9964,3.41,0.6,10.1,6
